Size,TimePenaltyRatio,AverageCorridorLength,BranchingFactorStd,CornerCellCount,CorridorCellCount,DeadEndChainCount,DeadEndChainDepthAvg,ShortestPathLength,ShortestPathTurns,BFS,DFS,Astar
30,1.5,1.55,0.4521,436,283,92,2.92,232,148,2548.15,180.8,2664.9
30,1.5,1.53,0.4497,440,278,92,2.43,108,71,174.65,64.8,61.8
30,1.5,1.57,0.4497,412,306,92,2.48,230,136,289,146.1,197.2
30,1.5,1.44,0.4643,437,275,96,2.06,342,221,1354.8,129.25,1841.05
30,1.5,1.47,0.4690,431,274,99,2.08,234,154,242.35,127.6,202.55
30,1.5,1.43,0.4447,462,263,89,2.10,416,277,1807.65,151.2,1520.95
30,1.5,1.53,0.4714,424,282,99,2.49,200,129,156.55,140.1,102.05
30,1.5,1.5,0.4595,413,297,96,2.10,166,91,370.65,32.1,395.95
30,1.5,1.38,0.4667,448,262,97,2.49,228,155,357.85,48.2,346.1
30,1.5,1.42,0.4397,450,276,88,2.35,464,303,3014.5,130.15,2883.1
30,1.5,1.40,0.4472,436,284,91,2.38,200,118,466.2,143,314.9
30,1.5,1.45,0.4570,432,286,93,2.66,252,161,1081.05,185,854.8
30,1.5,1.57,0.4422,434,296,87,2.43,318,192,1839.65,75.15,1474.8
30,1.5,1.55,0.4447,440,282,90,2.21,510,311,1878.55,110.05,2099.95
30,1.5,1.49,0.4295,434,303,83,2.89,354,211,1285.15,64.95,1443.35
30,1.5,1.40,0.4807,437,258,104,2.18,186,118,454.95,209.7,525.95
30,1.5,1.45,0.4190,444,301,79,2.97,436,258,1149.85,86.9,1104.35
30,1.5,1.60,0.4595,424,295,93,2.46,218,134,2267.25,119.95,1043.85
30,1.5,1.48,0.4295,464,273,83,2.33,230,154,91.05,110.4,62.15
30,1.5,1.51,0.4422,427,297,89,2.22,148,90,264.25,98.15,74.75
30,1.5,1.59,0.4761,410,298,99,2.02,230,142,398.7,163.4,267.5
30,1.5,1.47,0.4472,430,290,91,2.40,244,146,1294.2,182.35,1373.1
30,1.5,1.43,0.4521,445,274,92,2.61,218,148,410.9,137.55,120.55
30,1.5,1.48,0.4738,413,288,101,1.97,186,127,87.9,135.65,76.7
30,1.5,1.40,0.4372,460,268,87,2.49,390,248,1256.75,157.3,1249.25
30,1.5,1.42,0.4761,426,279,100,2.34,246,151,974.4,163.05,955.6
30,1.5,1.39,0.4784,438,262,102,1.94,434,280,694.2,105.7,538.3
30,1.5,1.46,0.4643,402,310,96,2.29,470,278,1549.05,101.45,1466.2
30,1.5,1.50,0.4546,427,290,93,2.31,370,230,1648.5,135.55,1687.9
30,1.5,1.57,0.4372,417,314,86,2.44,416,250,1353.35,136.1,1250.7
30,1.5,1.42,0.4546,442,272,94,2.18,160,103,57,197.8,78.45
30,1.5,1.50,0.4472,458,268,89,2.37,252,160,358.55,193.9,473.3
30,1.5,1.50,0.4521,436,289,90,2.23,176,113,767.4,138.25,344.6
30,1.5,1.31,0.4807,450,251,102,1.89,328,221,1443.6,147.4,1089.55
30,1.5,1.43,0.4690,438,273,97,2.37,152,104,239.6,56.05,298.1
30,1.5,1.56,0.4295,431,306,83,2.78,304,188,2040.45,138.6,1081.65
30,1.5,1.61,0.4521,415,307,91,2.45,146,85,401.1,209.1,420.55
30,1.5,1.49,0.4643,425,284,97,2.23,260,165,1038.45,176.4,772.9
30,1.5,1.43,0.4619,444,270,95,2.59,452,288,1581.2,90.55,2002.7
30,1.5,1.48,0.4372,449,279,87,2.53,468,309,1180.9,91.6,944.5
30,1.5,1.49,0.4546,437,280,93,2.38,368,252,1271.65,105.95,1427.4
30,1.5,1.55,0.4643,427,285,96,2.42,162,87,390.25,107.95,214.05
30,1.5,1.48,0.4667,434,276,97,2.23,358,229,278.5,62,371.55
30,1.5,1.45,0.4521,441,278,92,2.39,338,227,1019.7,53.1,794.05
30,1.5,1.48,0.4546,442,278,92,2.40,250,157,2148.1,99.45,1303.55
30,1.5,1.34,0.4667,442,265,98,2.06,482,314,796.85,132.6,824.85
30,1.5,1.46,0.4595,429,284,95,2,398,249,1577.65,119.8,1528.95
30,1.5,1.50,0.4422,437,290,88,2.70,226,145,238.15,39.15,371.35
30,1.5,1.54,0.4546,413,304,93,2.22,312,183,1003.75,156.25,637.8
30,1.5,1.52,0.4346,451,285,84,2.31,388,249,1335.25,99.85,1409.3
30,1.5,1.47,0.4497,454,264,92,2.37,226,147,985.65,52.6,1169.15
30,1.5,1.47,0.4690,433,275,98,1.90,218,137,836.35,129.15,360.1
30,1.5,1.53,0.4521,426,293,92,2.35,280,179,450.1,161.35,225.05
30,1.5,1.60,0.4667,430,277,98,2.01,364,218,580.15,81.6,685.6
30,1.5,1.53,0.4372,463,268,86,2.47,222,151,38.75,94.6,32.95
30,1.5,1.47,0.4570,443,269,95,2.09,198,129,278.45,113.1,106.45
30,1.5,1.60,0.4472,461,262,90,2.06,372,260,4307.35,128.55,3626.45
30,1.5,1.44,0.4422,458,266,89,2.30,350,234,2192.3,79.15,1640.5
30,1.5,1.54,0.4497,434,284,92,2.43,296,185,8260.2,57.2,8237.15
30,1.5,1.48,0.4667,440,264,99,2.09,200,139,525.25,76.2,247.05
30,1.5,1.32,0.4472,440,283,90,2.26,472,302,1529.45,125.15,1686.55
30,1.5,1.49,0.4320,444,288,85,2.74,360,224,6884.85,168,7663.05
30,1.5,1.41,0.4667,436,271,98,2.18,224,149,3414.9,92.1,1689.45
30,1.5,1.51,0.4521,442,277,92,2.12,154,95,303.7,89.5,80
30,1.5,1.51,0.4372,426,302,87,2.72,260,163,343.65,45,350.35
30,1.5,1.5,0.4372,461,270,86,2.5,244,164,93.55,40.15,139.3
30,1.5,1.46,0.4570,447,271,93,2.20,434,282,1702.75,109.4,2134.85
30,1.5,1.55,0.4643,436,282,94,2.41,254,174,2509.85,41.95,1665.2
30,1.5,1.53,0.4295,441,299,82,2.74,350,210,3136.7,165.4,1645.7
30,1.5,1.45,0.4497,454,270,90,2.38,364,251,2550.2,111.15,3081.35
30,1.5,1.40,0.4595,438,275,95,2.09,214,135,1255.05,37.45,428.3
30,1.5,1.46,0.4643,410,299,97,2.27,490,301,762.35,122,744.75
30,1.5,1.52,0.4714,425,281,99,2.15,312,206,2007.6,71.4,1616.4
30,1.5,1.54,0.4546,416,301,93,2.47,258,157,1116.9,41.6,1488.45
30,1.5,1.49,0.4595,419,294,95,2.38,162,91,1196.5,66.3,548.7
30,1.5,1.56,0.4570,419,299,93,2.26,164,108,1087.8,179.8,560.9
30,1.5,1.43,0.4521,437,282,92,2.30,464,295,1018.95,129.3,1003.85
30,1.5,1.37,0.4807,442,262,101,2.14,300,203,1748.5,148.65,1111.1
30,1.5,1.45,0.4619,444,267,96,3.01,142,107,536.55,141.6,216.4
30,1.5,1.45,0.4784,438,262,102,2.13,266,177,3570.25,80.8,3491.8
30,1.5,1.51,0.4372,460,271,86,2.62,498,327,1800.3,95.15,2027.8
30,1.5,1.47,0.4738,434,273,99,2.30,176,108,111.9,156.25,94.9
30,1.5,1.48,0.4667,445,262,98,2.56,428,271,3317.35,104.9,3529.85
30,1.5,1.57,0.4619,424,296,93,3.08,272,173,2804.3,128.75,2762.55
30,1.5,1.54,0.4497,440,281,91,2.19,194,131,731.35,90.4,451.55
30,1.5,1.56,0.4690,410,295,99,2.13,444,275,1543.85,89.85,1924.85
30,1.5,1.5,0.4667,422,294,95,2.88,286,173,9887.35,176.05,11534.1
30,1.5,1.32,0.4690,452,250,100,2.11,324,218,5026.3,112.45,3091.8
30,1.5,1.59,0.4570,399,313,95,2.09,392,226,2020.2,143.45,1821.3
30,1.5,1.55,0.4521,422,297,92,2.40,446,280,1107.95,156.45,849.85
30,1.5,1.49,0.4397,435,297,86,2.76,314,190,1711.6,90.45,943.95
30,1.5,1.47,0.4570,435,280,94,1.93,132,82,281.35,122.35,79.65
30,1.5,1.50,0.4643,432,280,96,2.31,318,192,1251.65,106.8,1451.8
30,1.5,1.56,0.4346,418,312,86,2.29,338,207,2713.45,83.15,1397.35
30,1.5,1.34,0.4546,440,277,93,2.56,274,173,251.4,55.05,246.6
30,1.5,1.46,0.4807,415,280,104,1.97,476,297,1880.6,104.3,2374.75
30,1.5,1.51,0.4690,456,252,98,2.05,196,136,218.8,200.35,341.8
30,1.5,1.46,0.4761,437,271,99,2.01,146,93,82.5,27.25,100.6
30,1.5,1.48,0.4784,409,285,104,2.21,214,130,143.45,197.5,209.3
30,1.5,1.65,0.4295,432,302,84,2.74,214,124,293.35,37.85,455.05
30,1.5,1.56,0.4447,411,311,90,2.72,158,94,70.35,23.95,64.5
30,1.5,1.57,0.4521,426,296,91,2.38,490,292,1140.4,124.95,1036.55
30,1.5,1.53,0.4619,427,281,97,2.18,228,150,559.95,38.5,247.4
30,1.5,1.49,0.4570,439,282,92,2.25,256,167,2253.25,66.75,735
30,1.5,1.49,0.4422,447,277,89,2.38,310,194,3203.9,113.9,1612.5
30,1.5,1.47,0.4570,426,286,95,2.34,222,132,3188.1,94.85,3164.25
30,1.5,1.5,0.4619,402,309,96,2.52,398,247,485.35,71.35,622.55
30,1.5,1.52,0.4570,420,292,95,3.11,214,123,3344.7,194.1,1521.05
30,1.5,1.41,0.4546,453,264,93,1.91,208,140,96.2,36.95,172
30,1.5,1.49,0.4570,445,267,95,2.29,320,205,4658.35,59.55,3396.75
30,1.5,1.44,0.4714,439,270,98,2.5,194,133,279.45,100.95,249.8
30,1.5,1.35,0.4667,456,248,99,2.16,244,160,876.3,94.95,338.7
30,1.5,1.41,0.4372,467,267,85,2.22,288,190,3569.8,69.7,2436
30,1.5,1.47,0.4346,460,276,84,3.04,258,161,1733.6,54.1,987.3
30,1.5,1.43,0.4643,445,264,97,2.49,438,291,2014.6,105.8,1676.85
30,1.5,1.47,0.4784,429,271,102,2.13,184,125,88.05,205.05,109.95
30,1.5,1.51,0.4472,436,284,91,2.34,212,121,1226.75,132.2,508
30,1.5,1.48,0.4422,430,294,89,2.39,308,189,1246.75,131.7,766
30,1.5,1.48,0.4447,449,276,89,2.83,174,111,717.35,79.05,284.25
30,1.5,1.48,0.4497,431,287,92,2.37,176,112,182,108.65,116
30,1.5,1.46,0.4690,427,281,98,2.23,386,242,1407.75,82.8,1155.45
30,1.5,1.46,0.4643,422,284,98,2.58,250,155,4507,138.55,2695.4
30,1.5,1.64,0.4372,424,307,86,2.40,418,254,3284.9,127.2,3308.8
30,1.5,1.63,0.4619,416,298,95,2.25,478,300,1646.1,103.8,1611.6
30,1.5,1.48,0.4346,461,275,84,2.14,402,266,2672.1,115,1594.15
30,1.5,1.42,0.5011,429,251,112,1.88,416,277,1781.4,124.6,1502.1
30,1.5,1.52,0.4397,442,284,88,2.99,464,297,1525.35,124.55,1528.6
30,1.5,1.55,0.4546,429,294,91,2.11,286,184,1987.25,131.35,2210.65
30,1.5,1.43,0.4643,441,271,96,2.5,354,223,4015.7,73.9,4446.75
30,1.5,1.54,0.4667,447,272,94,2.30,316,205,2211.75,90.45,3074.85
30,1.5,1.48,0.4738,419,285,100,2.2,134,84,1051.6,169.45,340.5
30,1.5,1.45,0.4619,434,280,95,2.15,492,327,1371.95,117.65,1383.7
30,1.5,1.52,0.4667,395,312,98,2.37,346,219,570.4,79,485.6
30,1.5,1.59,0.4447,434,291,89,2.12,310,198,750.85,77.7,746
30,1.5,1.59,0.4546,429,285,94,2.21,132,85,137.45,183.1,104.2
30,1.5,1.57,0.4472,438,282,91,2.76,258,175,893.05,74,932.95
30,1.5,1.50,0.4761,409,299,99,2.41,384,240,1899.15,136.05,1564.75
30,1.5,1.35,0.4422,445,279,89,2.02,298,191,3356.4,162.75,2246.85
30,1.5,1.49,0.4570,437,278,94,2.12,332,201,3062.7,75.15,3015.5
30,1.5,1.53,0.4595,408,305,95,2.34,390,239,1359.95,123.35,790.65
30,1.5,1.46,0.4447,447,275,90,2.04,342,228,2241.1,107.3,2200.4
30,1.5,1.44,0.4372,466,265,86,2.44,362,245,6938.85,118.25,6376.8
30,1.5,1.43,0.4714,444,259,100,2.17,234,150,1024.4,37.15,530.2
30,1.5,1.54,0.4761,413,283,103,1.99,300,194,597.05,178.75,741.1
30,1.5,1.50,0.4546,434,283,93,2.33,280,173,2682.1,143.75,2022.85
30,1.5,1.49,0.4320,436,296,85,2.59,342,210,7657.4,130.85,5198
30,1.5,1.43,0.4761,419,283,101,2.12,362,232,608.7,149.4,640.5
30,1.5,1.45,0.4447,447,275,90,2.61,152,104,546.85,40.05,657.95
30,1.5,1.34,0.4667,465,245,97,2.12,496,345,3173.8,104.6,3230.8
30,1.5,1.54,0.4643,433,279,96,2.26,258,163,479.25,46.85,850
30,1.5,1.55,0.4643,419,293,96,2.20,270,174,4033.4,61.65,2782.4
30,1.5,1.57,0.4497,436,288,90,2.26,480,307,2205.25,84.5,1729.25
30,1.5,1.39,0.4619,438,273,96,2.65,302,183,2422.8,143.35,1152.55
30,1.5,1.49,0.4521,432,284,93,2.16,280,177,5332.35,135.6,3952.15
30,1.5,1.54,0.4546,424,290,94,2.87,222,139,1141.15,39.85,342.05
30,1.5,1.43,0.4619,452,265,94,2.07,338,221,2839.65,129.55,2797.3
30,1.5,1.52,0.4667,444,263,98,2.19,440,292,1617.4,107.05,1804.7
30,1.5,1.48,0.4472,441,282,90,2.3,456,297,3440.65,111.85,2166.85
30,1.5,1.49,0.4546,436,281,93,2.53,260,164,1124.3,69.9,1211.95
30,1.5,1.55,0.4497,423,301,90,2.37,388,252,883.1,121,349
30,1.5,1.53,0.4422,428,296,89,2.58,254,158,388.4,93.85,322
30,1.5,1.49,0.4397,436,296,86,2.16,220,141,1164.6,156.1,421.8
30,1.5,1.72,0.4372,421,316,84,2.5,188,110,572.4,43.5,507.5
30,1.5,1.54,0.4570,424,291,94,2.31,196,125,1234.15,49.5,1511.9
30,1.5,1.46,0.4738,419,282,101,1.79,234,146,314.15,49,216.65
30,1.5,1.44,0.4570,443,275,93,2.05,408,250,984.7,161.55,538.6
30,1.5,1.60,0.4619,431,277,97,2.31,342,222,893.15,58.2,298.35
30,1.5,1.45,0.4714,423,283,99,2.16,222,146,985.25,148.35,655.25
30,1.5,1.64,0.4372,438,290,87,2.51,300,190,396.75,50.5,388.5
30,1.5,1.50,0.4497,440,278,92,2.29,336,220,2942.8,83.6,2606.5
30,1.5,1.45,0.4714,445,261,99,2.42,246,162,850.85,88.25,281.45
30,1.5,1.59,0.4643,422,284,98,2.45,348,220,4155.3,64.1,3096.85
30,1.5,1.62,0.4216,433,307,81,3.06,412,252,619.6,84.05,578.7
30,1.5,1.44,0.4619,431,283,95,2.12,178,114,278.9,53.9,320.8
30,1.5,1.49,0.4738,440,267,99,2.20,152,98,64.05,128.5,70.5
30,1.5,1.44,0.4422,440,290,87,2.52,478,305,2845.9,146.6,2989.55
30,1.5,1.39,0.4546,445,272,93,2.20,328,229,1679.95,168.3,1682.45
30,1.5,1.44,0.4497,431,290,91,2.60,202,123,121.5,31.95,131.15
30,1.5,1.47,0.4397,424,305,87,2.60,328,200,892.2,79.25,1202.35
30,1.5,1.44,0.4643,428,284,96,2.03,114,64,259.3,130.6,115.45
30,1.5,1.41,0.4595,457,256,95,2.18,340,229,4238.55,131.25,3488.8
30,1.5,1.43,0.4521,452,270,91,2.51,270,187,819.7,50.05,565.95
30,1.5,1.58,0.4397,447,282,87,2.57,124,83,72.8,17.2,44.75
30,1.5,1.59,0.4738,426,278,100,1.87,156,96,318.55,157.05,99.2
30,1.5,1.38,0.4619,443,271,95,2.33,434,285,3169,92.7,2166.5
30,1.5,1.36,0.4570,448,267,94,2.13,290,183,1313.3,100.45,743.25
30,1.5,1.57,0.4643,418,294,96,2.34,300,176,2356.95,134.7,1730.8
30,1.5,1.54,0.4546,423,294,93,2.56,300,183,267.05,98.8,390.9
30,1.5,1.57,0.4667,434,276,97,2.18,172,115,1004.7,24.6,1151.75
30,1.5,1.55,0.4667,413,291,99,2.08,330,204,1434.85,86.2,630.95
30,1.5,1.49,0.4521,427,289,93,2.19,278,175,576.35,113.5,717
30,1.5,1.57,0.4190,436,306,80,2.78,278,176,258.1,43.1,275.9
30,1.5,1.45,0.4967,430,251,111,2.07,192,139,1799.15,81.85,838.05
30,1.5,1.48,0.4346,445,285,86,2.48,220,154,708.75,38.4,361.65
30,1.5,1.43,0.4690,413,292,99,1.94,464,291,1481.85,113.75,1473.45
30,1.5,1.56,0.4422,425,302,88,2.30,236,146,938.2,181.45,523.3
30,1.5,1.44,0.4372,458,270,87,1.93,324,202,644.85,87.45,393
30,1.5,1.45,0.4667,420,290,97,2.27,364,231,1946,160.85,1269.8
30,1.5,1.46,0.4497,436,282,92,2,214,140,796.4,57.85,863.3
30,1.5,1.47,0.4422,438,289,88,2.35,342,213,721.8,165.2,610.3
30,1.5,1.48,0.4546,441,273,94,2.22,242,156,717.55,40.7,604.9
30,1.5,1.43,0.4447,461,264,89,2.30,274,187,248.2,58.65,198.2
30,1.5,1.47,0.4497,449,269,92,2.45,268,179,297.45,43.5,402.75
30,1.5,1.54,0.4447,424,304,88,2.61,280,172,165.3,49.4,320.8
30,1.5,1.51,0.4690,426,288,96,2.15,220,134,408.3,160,298
30,1.5,1.52,0.4497,434,287,91,2.58,452,286,1632.65,97.55,1067.55
30,1.5,1.61,0.4595,415,304,93,2.48,260,162,396.8,112.2,201.75
30,1.5,1.48,0.4738,435,266,101,2.11,394,260,5551.45,89.45,4238.95
30,1.5,1.46,0.4397,461,271,86,2.66,392,260,1470.35,67.5,1744.6
30,1.5,1.49,0.4738,421,286,99,2.37,232,149,1335.25,63.5,1531
30,1.5,1.47,0.4497,439,279,92,2.57,384,248,4443.4,169.45,4144.1
30,1.5,1.49,0.4690,416,289,99,1.88,366,227,5603.4,91.3,7269.45
30,1.5,1.56,0.4422,436,291,88,2.58,528,336,1520.05,91.6,1507.8
30,1.5,1.55,0.4397,447,288,85,2.13,82,52,24.05,10.95,13.75
30,1.5,1.52,0.4447,434,291,89,2.31,314,192,1044.9,168,999.1
30,1.5,1.37,0.4761,444,261,100,1.99,286,191,719,45.25,448.7
30,1.5,1.43,0.4546,446,274,92,2.21,310,205,659.15,69.55,691.2
30,1.5,1.57,0.4472,431,292,90,2.61,358,231,2815.35,160.8,1967.8
30,1.5,1.49,0.4472,425,301,89,2.28,398,254,2150.3,81.55,1580.95
30,1.5,1.52,0.4619,413,295,97,1.99,228,139,555.45,183.3,393.3
30,1.5,1.52,0.4422,427,300,88,2.40,448,281,2358.35,75.85,2463.4
30,1.5,1.46,0.4595,454,259,95,2.15,216,143,178,183,148.75
30,1.5,1.43,0.4595,439,271,96,2.16,204,134,542.45,103.75,365.2
30,1.5,1.41,0.4546,431,286,93,2.22,194,116,661.65,42.45,935.25
30,1.5,1.50,0.4243,433,305,82,2.68,142,88,387,60.55,243.6
30,1.5,1.53,0.4397,436,293,87,2.56,286,179,1038.95,125.7,1116.1
30,1.5,1.43,0.4447,437,285,90,2.69,130,86,199.5,160.05,87.35
30,1.5,1.51,0.4521,433,283,93,2.22,352,233,1033.85,59.6,538.8
30,1.5,1.49,0.4546,424,290,94,2.47,368,223,1708,83.85,1146.75
30,1.5,1.56,0.4619,421,287,97,2.21,406,255,1293,117.45,995.8
30,1.5,1.48,0.4643,422,284,98,2.24,336,207,349.85,60,367.5
30,1.5,1.35,0.4876,417,275,106,2.04,410,257,3254.35,157.65,3202.45
30,1.5,1.37,0.4761,435,261,103,2,158,112,662.5,172.4,699.35
30,1.5,1.53,0.4595,423,287,96,2.25,324,197,1278.9,110.95,634.7
30,1.5,1.43,0.4397,466,260,88,2.25,406,279,9690.1,80.05,10543.55
30,1.5,1.44,0.4690,435,270,99,2.05,226,146,225.25,44.65,208.45
30,1.5,1.49,0.4570,431,290,92,2.29,322,206,330.6,56.6,432.35
30,1.5,1.40,0.4714,433,270,100,2.23,314,214,589.3,57.65,868.1
30,1.5,1.51,0.4619,433,281,95,2.24,436,270,580.55,89.8,530.6
30,1.5,1.45,0.4447,440,285,89,2.36,386,245,3722.6,106.2,2768.25
30,1.5,1.54,0.4320,437,295,85,2.34,356,232,1826.45,159.45,1660.45
30,1.5,1.51,0.4472,467,262,88,2.64,130,78,313,203.2,395.45
30,1.5,1.61,0.4472,426,297,90,2.24,306,188,1476.7,128.05,563.65
30,1.5,1.47,0.4447,443,282,89,2.11,328,213,363.75,164,280.25
30,1.5,1.52,0.4346,441,289,86,2.84,376,254,1911.6,103.85,1922.05
30,1.5,1.46,0.4346,431,299,86,2.58,396,252,3362.5,145.15,2058.45
30,1.5,1.43,0.4422,445,282,88,3.05,250,166,4122.2,95,2955.3
30,1.5,1.56,0.4570,451,264,94,2.36,348,224,1475.35,164.25,1437.4
30,1.5,1.54,0.4761,420,285,100,2.08,224,150,264.15,37.45,442.05
30,1.5,1.52,0.4546,419,298,93,2.41,268,172,3609.55,125.1,2209.35
30,1.5,1.49,0.4690,438,273,97,2.59,444,281,1860.2,133.8,1843.7
30,1.5,1.49,0.4667,441,269,97,1.95,368,227,2581.6,108.85,2137.55
30,1.5,1.52,0.4521,422,294,93,1.98,326,209,2821.25,112.15,1812.7
30,1.5,1.43,0.4521,424,292,93,2.69,308,201,3199.5,162.65,2479.9
30,1.5,1.37,0.4372,457,274,86,2.06,382,253,794.95,86.95,801.45
30,1.5,1.63,0.4243,432,309,81,2.77,238,148,239.85,95.8,158.3
30,1.5,1.55,0.4243,431,310,81,2.85,360,219,3382.4,129.4,1841.4
30,1.5,1.46,0.4667,442,265,98,2.02,300,190,1657.7,80.5,1671
30,1.5,1.41,0.4346,447,283,86,2.44,262,175,816.45,142.2,653
30,1.5,1.58,0.4546,438,279,93,2.20,382,239,1663.9,86.5,1533.55
30,1.5,1.48,0.4690,441,267,98,2.15,256,160,1774.95,79.5,1449.75
30,1.5,1.43,0.4714,440,266,99,2.08,468,308,979.3,125.5,956.2
30,1.5,1.44,0.4521,450,266,93,2.66,340,226,1601.9,95.35,2247.45
30,1.5,1.58,0.4667,428,282,97,1.99,198,122,399.7,35.5,721.8
30,1.5,1.49,0.4422,424,303,88,2.26,354,231,2367.2,103.65,2920.95
30,1.5,1.46,0.4761,412,296,99,2.43,354,223,2511.6,125.25,2340.8
30,1.5,1.49,0.4619,433,281,95,2.67,390,255,1365.5,98.1,1075.45
30,1.5,1.50,0.4320,443,289,85,2.34,404,260,7545.5,153.65,6506
30,1.5,1.44,0.4595,430,283,95,2.75,258,157,930.25,38.5,985.65
30,1.5,1.52,0.4346,451,285,84,2.38,164,96,506.1,166,162.85
30,1.5,1.47,0.4784,445,255,102,2.12,350,234,705.65,66.7,705.85
30,1.5,1.51,0.4472,436,284,91,2.24,166,101,141.55,134.1,61.9
30,1.5,1.47,0.4738,439,265,100,1.93,238,150,1920.5,120.35,1008.7
30,1.5,1.49,0.4472,439,284,90,2.59,510,331,1407.55,107,1772.65
30,1.5,1.53,0.4346,440,293,85,2.24,282,183,624.5,176.45,560.65
30,1.5,1.42,0.4546,443,274,93,2.37,306,198,311.75,58.7,360.85
30,1.5,1.53,0.4295,458,279,83,2.88,252,149,1488.75,69.85,1486.55
30,1.5,1.46,0.4714,426,280,99,2.46,320,202,1171.6,60.85,1198.05
30,1.5,1.55,0.4521,437,282,92,2.34,312,205,970.75,73.3,820
30,1.5,1.47,0.4595,411,299,96,2.23,412,262,776.55,144.75,872.85
30,1.5,1.49,0.4570,449,269,93,2.39,408,277,1764.1,122.2,1407.6
30,1.5,1.35,0.4667,438,269,98,2.09,380,238,2836.3,86,2959.35
30,1.5,1.46,0.4295,450,287,83,2.37,180,113,1412.65,28.9,1352.35
30,1.5,1.59,0.4546,433,287,92,2.21,520,339,1012.25,129.45,1069.9
30,1.5,1.34,0.4595,470,243,95,2.11,294,191,375.1,149.05,195.75
30,1.5,1.47,0.4497,454,264,92,2.41,414,285,3263.65,78.95,2876.5
30,1.5,1.41,0.4690,450,258,98,1.98,308,197,2383.55,129.05,1422.15
30,1.5,1.53,0.4346,434,302,84,2.62,238,149,1614.45,85.55,773.1
30,1.5,1.42,0.4497,452,275,89,2.42,246,153,301.55,119.6,155.05
30,1.5,1.49,0.4269,450,286,83,2.54,226,143,1174.3,63.65,669.3
30,1.5,1.63,0.4163,432,312,79,2.84,408,254,730.1,120.75,450
30,1.5,1.39,0.4807,436,265,102,1.83,480,317,1743.4,87.95,1000.5
30,1.5,1.44,0.4497,447,283,88,2.33,298,187,1312.95,185.1,1099.45
30,1.5,1.54,0.4595,413,300,95,2.45,232,143,574.8,163.2,330.15
30,1.5,1.38,0.4422,445,279,89,2.42,366,238,839.45,97.8,535.2
30,1.5,1.53,0.4243,425,313,82,2.54,110,64,425.1,42.1,139.05
30,1.5,1.41,0.4397,442,284,88,2.60,276,175,4290.85,89.35,4124.6
30,1.5,1.62,0.4690,406,302,98,2.31,156,93,465.1,34.8,186.65
30,1.5,1.43,0.4667,433,271,99,2.22,344,220,4418.4,173.5,3125.3
30,1.5,1.51,0.4320,427,311,83,2.23,352,209,1204.3,140.9,630.6
30,1.5,1.43,0.4546,448,272,92,2.33,266,177,1677.7,150.25,1829
30,1.5,1.49,0.4570,449,269,93,2.14,418,279,2913.7,89.35,2426.5
30,1.5,1.40,0.4667,454,250,99,1.98,226,157,164.8,202.25,227.1
30,1.5,1.38,0.4546,443,271,94,2.23,304,196,430.95,173.05,477.05
30,1.5,1.48,0.4497,420,304,90,2.59,192,123,1239.95,52.85,1328.95
30,1.5,1.66,0.4320,424,308,85,3.29,490,292,2689.6,94.25,2074
30,1.5,1.45,0.4546,438,276,94,2.45,372,231,995.6,137.05,1076.85
30,1.5,1.46,0.4521,446,270,93,2.40,282,182,830.3,68.6,817.1
30,1.5,1.5,0.4397,441,291,86,2.72,350,227,2407.65,128.9,1518.55
30,1.5,1.42,0.4546,439,275,94,1.99,350,232,764.25,123.95,401.2
30,1.5,1.41,0.4595,439,274,95,1.97,274,180,868.8,161.6,672.3
30,1.5,1.48,0.4546,416,298,94,2.43,464,280,3090.35,83.75,3190.7
30,1.5,1.44,0.4570,439,276,94,2.12,282,188,572.6,184.65,566.6
30,1.5,1.60,0.4546,424,305,89,2.36,376,231,1127.05,142.2,1118
30,1.5,1.50,0.4595,447,269,94,3.01,158,107,1175.2,69.95,440.1
30,1.5,1.38,0.4784,430,270,102,2.10,410,269,2274.6,129.65,2404.05
30,1.5,1.46,0.4521,450,272,91,2.23,196,137,174.55,76.55,182.35
30,1.5,1.6,0.4761,415,296,98,1.92,410,248,4005,119.85,4493.3
30,1.5,1.59,0.4472,428,298,89,2.25,458,280,2275.15,95.6,1301.4
30,1.5,1.54,0.4738,423,281,100,2.24,226,146,976.3,184.65,1319.05
30,1.5,1.49,0.4546,423,291,94,2.48,248,152,715.85,49.5,415.7
30,1.5,1.53,0.4570,431,281,95,2.33,256,164,1630.05,79.8,1019.7
30,1.5,1.41,0.4619,442,272,95,2.71,274,177,561.75,147.3,560
30,1.5,1.47,0.4472,457,266,90,2.16,176,117,150.6,33.7,222.75
30,1.5,1.44,0.4521,435,287,91,2.16,298,184,502.65,55.25,307.55
30,1.5,1.41,0.4690,455,262,95,2.21,446,289,2082.35,128.65,1984.65
30,1.5,1.57,0.4397,443,283,88,2.20,164,104,137.9,22.75,41.35
30,1.5,1.54,0.4546,436,281,93,2.31,326,210,1257.6,60.85,1279
30,1.5,1.42,0.4497,465,271,86,2.35,182,113,620.55,62.2,173.45
30,1.5,1.47,0.4269,455,284,82,2.66,448,287,2486.35,117.95,2107.75
30,1.5,1.40,0.4570,422,293,94,3.14,196,126,2576.15,113.2,1453.55
30,1.5,1.55,0.4346,447,286,85,2.66,448,282,2552,91.05,1771.6
30,1.5,1.54,0.4595,435,275,96,2.09,466,304,1943.85,97.45,2440.05
30,1.5,1.49,0.4397,463,263,88,2.5,322,208,1048.95,173.05,1587.6
30,1.5,1.51,0.4570,452,263,94,2.19,150,84,301.5,60.85,81.25
30,1.5,1.46,0.4667,440,273,96,2.41,170,117,233.75,36.15,247.85
30,1.5,1.43,0.4595,445,268,95,2.16,524,332,1232.8,123.3,1299.7
30,1.5,1.54,0.4295,440,303,81,2.75,134,88,664.7,41.65,359.75
30,1.5,1.43,0.4546,420,294,94,2.29,248,155,219.65,141.2,253.6
30,1.5,1.38,0.4372,468,263,86,2.44,340,234,10828.35,169.25,7115.9
30,1.5,1.46,0.4422,436,288,89,2.62,288,185,1479.3,160.45,1185.3
30,1.5,1.59,0.4372,410,321,86,2.87,132,76,336.1,46.55,171.75
30,1.5,1.52,0.4372,447,284,86,2.45,232,133,470.55,58.1,680.3
30,1.5,1.34,0.4643,439,270,97,2.23,312,203,1657.15,85.9,650.4
30,1.5,1.48,0.4521,443,279,91,2.46,230,147,959.7,94.65,605.85
30,1.5,1.52,0.4595,443,279,92,2.90,380,241,1554.15,114.65,1153.65
30,1.5,1.40,0.4595,449,267,94,2.91,498,325,1584.5,105.5,917.5
30,1.5,1.45,0.4497,443,278,91,2.52,226,144,483.6,36.5,654.1
30,1.5,1.53,0.4447,427,295,90,2.68,360,238,1268.55,164.4,1259.05
30,1.5,1.56,0.4521,407,312,92,2.33,478,288,1146.6,121.9,1173.05
30,1.5,1.49,0.4690,435,273,98,2.15,164,104,257.8,26.15,303.95
30,1.5,1.47,0.4807,415,286,102,2.23,248,153,501.65,177.05,330.05
30,1.5,1.61,0.4497,437,284,91,2.43,320,196,1980.45,122.8,1874.1
30,1.5,1.54,0.4546,429,288,93,2.35,322,202,2628.6,106.85,1518.05
30,1.5,1.39,0.4830,416,283,103,2.15,430,279,887.3,101,1011.3
30,1.5,1.42,0.4807,435,266,102,2.01,330,213,3237.95,115.15,3409.35
30,1.5,1.58,0.4619,439,281,93,2.06,284,184,2140.3,64.3,1264.7
30,1.5,1.50,0.4546,443,280,91,2.60,134,85,203.5,34.1,139.2
30,1.5,1.5,0.4521,419,297,93,2.30,180,111,840.15,116.15,388.8
30,1.5,1.52,0.4619,434,277,96,2.34,414,262,5838.75,129.4,5669.55
30,1.5,1.52,0.4346,430,303,85,2.98,260,160,668.05,126.8,612.25
30,1.5,1.43,0.4690,450,258,98,2.11,336,231,620.85,173.6,768.95
30,1.5,1.50,0.4397,427,299,88,2.67,224,130,1069.75,49.25,1283.95
30,1.5,1.51,0.4667,437,270,98,2.13,282,176,2368.1,84.6,2378.7
30,1.5,1.44,0.4346,450,280,86,2.66,322,203,2003.8,111.4,1142.25
30,1.5,1.39,0.4595,444,272,94,2.15,218,150,128.6,39.45,206.3
30,1.5,1.43,0.4397,458,268,88,2.14,278,170,1312.05,49.3,1518.8
30,1.5,1.44,0.4472,470,253,90,2.41,244,163,1379.3,71.35,1586.7
30,1.5,1.53,0.4738,407,300,99,2.30,274,171,272.55,42.95,349.9
30,1.5,1.58,0.4190,446,302,78,2.81,266,168,306.65,46.25,369.9
30,1.5,1.44,0.4422,434,296,87,2.77,200,121,1197.7,65.85,544.05
30,1.5,1.49,0.4546,440,280,92,2.15,254,170,646.8,54.85,497.15
30,1.5,1.47,0.4497,457,261,92,2.13,386,261,1817.3,155.8,1845.3
30,1.5,1.46,0.4830,410,283,105,2.08,226,142,911.35,155.25,486.8
30,1.5,1.42,0.4546,446,268,94,2.34,334,221,435.1,61.45,627.55
30,1.5,1.41,0.4830,412,278,106,2.41,128,82,501.55,79.9,182.4
30,1.5,1.55,0.4295,431,303,84,2.60,236,144,594.6,174.7,645.55
30,1.5,1.47,0.4521,442,277,92,2.58,302,187,1438.35,48.2,955.4
30,1.5,1.48,0.4346,441,289,86,2.47,282,175,898.2,146.6,613.8
30,1.5,1.38,0.4546,474,243,93,2.39,332,233,8664.95,84.95,8831.4
30,1.5,1.56,0.4570,410,308,93,2.56,454,272,2719.05,85.65,2954.45
30,1.5,1.42,0.4397,463,272,85,2.19,300,198,740.85,44.05,1002.5
30,1.5,1.44,0.4690,431,277,98,2.35,314,210,1719.9,151.05,1417.65
30,1.5,1.52,0.4269,462,274,83,2.45,320,208,3757.15,88,3038.2
30,1.5,1.56,0.4643,437,275,96,2.24,368,230,790,167.55,679.3
30,1.5,1.41,0.4422,443,284,88,2.51,254,158,1507.1,72.2,1849.05
30,1.5,1.56,0.4497,438,280,92,2.52,404,248,1503,130.7,1591.4
30,1.5,1.55,0.4372,434,297,86,2.45,180,116,580.15,165.8,171.65
30,1.5,1.48,0.4447,432,290,90,2.2,232,137,162.6,41.3,256.9
30,1.5,1.44,0.4397,439,290,87,2.74,390,257,1882.95,125.05,1818.8
30,1.5,1.52,0.4595,416,294,96,2.44,544,329,1189.45,95.25,1310.8
30,1.5,1.43,0.4546,453,261,94,2.17,260,172,1171.9,66.85,1293.1
30,1.5,1.45,0.4643,440,269,97,2.32,140,85,728.1,141.15,205.4
30,1.5,1.53,0.4546,429,294,91,2.24,414,263,3264.85,92.4,3177.05
30,1.5,1.43,0.4397,438,288,88,2.73,192,121,311.1,194.35,311.3
30,1.5,1.42,0.4346,441,289,86,2.87,358,229,553.2,110.9,647.8
30,1.5,1.42,0.4595,447,266,95,2.07,150,105,53.75,24.05,93.7
30,1.5,1.61,0.4738,418,286,100,2.52,282,174,422.15,129.3,506.35
30,1.5,1.49,0.4472,441,285,89,2.28,262,172,143.05,135.45,203.35
30,1.5,1.51,0.4667,425,285,97,2.42,304,190,2069.1,146.45,1911.75
30,1.5,1.60,0.4595,416,300,94,2.10,510,314,1437.9,123.2,1526.1
30,1.5,1.52,0.4472,447,279,89,2.22,218,144,347,61.75,314.5
30,1.5,1.47,0.4738,427,280,99,2.15,340,209,458.1,169.2,504.55
30,1.5,1.52,0.4714,428,275,100,2.18,198,124,360.6,190.2,288.75
30,1.5,1.55,0.4472,431,295,89,2.60,448,282,2391.1,132.8,2634.85
30,1.5,1.51,0.4243,440,301,81,3,184,118,295.5,98.9,203.5
30,1.5,1.42,0.4714,433,273,99,2.51,122,81,298.85,84.45,60.2
30,1.5,1.51,0.4295,433,307,82,2.22,178,116,261.35,30.95,113.15
30,1.5,1.40,0.4521,440,282,91,2.10,206,129,324.7,49.95,400.25
30,1.5,1.47,0.4546,438,276,94,1.97,248,165,1020.7,41.5,1075.75
30,1.5,1.46,0.4619,436,275,96,2.14,340,222,5533.75,64.15,2945.45
30,1.5,1.41,0.4643,450,262,96,2.41,336,237,1072.15,167.15,781.95
30,1.5,1.43,0.4830,443,256,103,2.42,500,331,1823.85,145.3,1177.55
30,1.5,1.53,0.4546,448,266,94,2.22,346,228,869.5,63.5,853.25
30,1.5,1.44,0.4472,430,293,90,2.29,268,173,1807.1,58.3,1093.9
30,1.5,1.5,0.4667,413,297,97,2.66,340,197,2717.5,133.45,2341.9
30,1.5,1.46,0.4690,428,283,97,2.07,258,178,218.75,46.6,435.2
30,1.5,1.66,0.4243,435,303,82,2.72,160,86,237.25,70.75,106.6
30,1.5,1.44,0.4447,437,288,89,2.64,324,202,1072.65,146.95,1036
30,1.5,1.60,0.4422,405,319,89,3.24,172,94,390.4,132.8,136.45
30,1.5,1.46,0.4447,456,272,88,2.74,248,163,4476.9,122.7,2067.45
30,1.5,1.62,0.4521,411,308,92,2.58,468,291,1005.75,135.05,614
30,1.5,1.47,0.4269,443,293,83,2.45,572,361,1021.35,139.55,1311.3
30,1.5,1.4,0.4447,442,280,90,3.01,248,158,589.1,190.75,431.35
30,1.5,1.44,0.4643,443,269,96,2.83,466,306,2435.05,89.65,2385.1
30,1.5,1.36,0.4619,442,278,93,2.02,324,207,4615.05,98.9,3166.8
30,1.5,1.49,0.4295,465,269,84,2.14,474,309,4853.45,161.35,3232.65
30,1.5,1.37,0.4295,487,247,84,2.35,340,240,5627.1,157.45,3689.85
30,1.5,1.51,0.4447,420,308,88,2.57,312,183,2582.4,90.05,2137.7
30,1.5,1.45,0.4738,432,266,102,2.18,268,184,1302.25,133.3,636.5
30,1.5,1.41,0.4690,450,255,99,2.43,286,184,3062.15,148.95,3268.85
30,1.5,1.55,0.4570,437,281,93,2.02,406,270,3874.85,141.4,4901.15
30,1.5,1.49,0.4570,455,263,93,1.99,258,173,1296.7,82.25,841.45
30,1.5,1.45,0.4521,453,263,93,2.15,212,139,1885.65,34.15,1022.35
30,1.5,1.44,0.4546,453,267,92,2.40,218,145,727.25,109.9,436.1
30,1.5,1.42,0.4667,441,272,96,2.20,274,170,1685.65,146.3,1496.1
30,1.5,1.46,0.4570,437,278,94,2.16,448,278,847.95,153.5,871.5
30,1.5,1.54,0.4472,430,296,89,2.39,232,142,571.3,48.6,573.55
30,1.5,1.35,0.4619,468,243,96,2.26,292,211,695.15,85.65,545.4
30,1.5,1.54,0.4595,432,281,95,2.16,312,189,2121.75,88.05,2386.1
30,1.5,1.45,0.4619,429,285,95,1.81,494,312,1973.55,134.65,1843.6
30,1.5,1.49,0.4447,433,292,89,2.65,322,203,3623.3,90.05,1818.15
30,1.5,1.54,0.4690,395,310,99,2.15,392,229,2589.3,74.5,2706.85
30,1.5,1.50,0.4714,431,272,100,2.65,220,147,933.15,154.4,1045.75
30,1.5,1.51,0.4472,427,293,91,2.91,468,302,1269.1,130.35,1461.35
30,1.5,1.51,0.4546,414,306,92,2.48,436,275,1580.85,107.5,1251
30,1.5,1.48,0.4546,437,286,91,2.44,454,292,5129.7,149.55,5184.65
30,1.5,1.56,0.4472,428,292,91,2.55,166,104,1229.05,46.6,1020.7
30,1.5,1.56,0.4521,419,303,91,2.76,186,111,1817.1,125.2,857.6
30,1.5,1.57,0.4595,425,285,96,2.56,358,227,1623,71.1,1383.95
30,1.5,1.40,0.4447,439,283,90,2.18,322,198,1246.85,75.45,1511.95
30,1.5,1.42,0.4690,453,252,99,2.40,168,115,305.3,77.7,296.15
30,1.5,1.53,0.4346,445,285,86,2.51,438,273,2578.45,129.1,2187.8
30,1.5,1.42,0.4320,456,276,85,2.32,386,241,3936.9,80.2,2370.6
30,1.5,1.49,0.4472,438,282,91,2.49,426,270,2201.3,111,1715.25
30,1.5,1.41,0.4595,434,279,95,2.4,270,176,2086.7,174.2,1661.5
30,1.5,1.46,0.4667,413,291,99,2.19,232,142,1966.75,66.3,642.65
30,1.5,1.59,0.4190,416,326,80,3.11,344,203,408.15,126.8,455.85
30,1.5,1.43,0.4372,450,278,87,2.61,224,142,1188.7,137.35,1045.7
30,1.5,1.36,0.4546,434,283,93,2.45,234,152,315.55,53.65,477.7
30,1.5,1.52,0.4422,427,300,88,2.09,216,138,652.35,166.55,810.55
30,1.5,1.42,0.4346,460,273,85,2.41,284,192,1487,122.8,687.1
30,1.5,1.50,0.4521,438,281,92,2.99,364,227,1202.5,72.95,1067.15
30,1.5,1.43,0.4472,462,264,89,2.71,386,269,5733.3,72.6,7387.7
30,1.5,1.47,0.4619,431,283,95,2.26,292,186,454.5,132,226.55
30,1.5,1.48,0.4830,467,238,101,2.04,284,187,534.7,152.9,298.65
30,1.5,1.46,0.4643,422,290,96,2.46,316,210,1854.25,78.2,969.2
30,1.5,1.44,0.4667,443,267,97,1.96,448,295,1527.6,77.05,1814.7
30,1.5,1.52,0.4422,457,276,86,2.31,366,233,515.3,162.6,400.45
30,1.5,1.57,0.4784,412,288,102,2.01,134,75,965.35,45.15,736.75
30,1.5,1.54,0.4546,428,286,94,2.13,210,140,1463.2,59,733
30,1.5,1.49,0.4619,441,276,94,2.17,412,264,1840.55,103.3,1698.05
30,1.5,1.46,0.4269,428,308,83,2.70,214,136,2129.85,85.8,1671.3
30,1.5,1.48,0.4472,425,298,90,2.7,138,89,1154.6,49.6,570.8
30,1.5,1.44,0.4521,442,280,91,2.26,430,275,1176.05,80.05,1117.7
30,1.5,1.51,0.4570,433,285,93,2.33,186,118,129.35,189.7,159.85
30,1.5,1.59,0.4295,417,317,84,2.95,198,127,640.9,198.85,377.25
30,1.5,1.51,0.4346,437,293,86,2.64,280,174,1102.95,71.3,1244.05
30,1.5,1.52,0.4570,431,284,94,2.26,174,108,280.55,47.6,245.15
30,1.5,1.46,0.4320,458,274,85,2.4,380,257,3720.5,91.85,3407.5
30,1.5,1.49,0.4472,445,281,89,2.60,358,238,5401.6,110.05,3938.95
30,1.5,1.37,0.4497,463,261,90,2.16,256,174,2069.1,104.4,899.35
30,1.5,1.58,0.4372,422,309,86,2.30,278,159,937.45,53.55,776.1
30,1.5,1.48,0.4521,441,281,91,3.07,280,176,537.15,181.3,597.05
30,1.5,1.53,0.4570,430,285,94,2.22,286,184,1421.55,62.45,1243
30,1.5,1.44,0.4521,439,280,92,2.21,430,265,2459.2,124.1,2905.2
30,1.5,1.44,0.4521,442,277,92,2.18,394,259,566.75,65.2,432.65
30,1.5,1.37,0.4546,447,270,93,2.26,464,313,1060.6,114.75,1212.05
30,1.5,1.39,0.4546,444,276,92,2.53,236,154,602.6,190.95,812.65
30,1.5,1.57,0.4397,442,290,86,2.20,284,181,864.6,98.8,920.15
30,1.5,1.47,0.4643,430,282,96,2.35,282,188,158.7,98.55,112.45
30,1.5,1.52,0.4497,448,276,90,2.63,274,179,1359,127.7,751.65
30,1.5,1.62,0.4643,424,285,97,2.14,374,232,505.35,71.1,497.65
30,1.5,1.37,0.4667,446,258,99,1.92,494,324,915.45,89.65,841.35
30,1.5,1.49,0.4714,425,281,99,1.97,210,125,2075.6,83.15,1160.65
30,1.5,1.46,0.4546,443,283,90,2.6,326,220,703.5,91.9,774.5
30,1.5,1.61,0.4295,445,289,84,2.46,320,207,2372.05,85.55,2449.45
30,1.5,1.40,0.4397,444,288,86,2.56,262,168,358.75,116.55,448.2
30,1.5,1.35,0.4397,469,260,87,2.46,228,149,428.9,191.2,379.9
30,1.5,1.53,0.4521,426,296,91,2.54,324,203,2187.75,130.8,2012.7
30,1.5,1.46,0.4497,454,264,92,2.73,404,277,2669.85,120.55,1992.15
30,1.5,1.50,0.4690,439,266,99,1.84,464,287,2150,95,1814.1
30,1.5,1.58,0.4690,425,286,97,2.02,258,172,766.75,162.55,789.9
30,1.5,1.59,0.4397,442,287,87,2.47,234,142,2896.4,37.8,1090.65
30,1.5,1.47,0.4853,432,262,105,1.8,390,251,2112.35,135.4,1770.1
30,1.5,1.35,0.4595,464,252,94,2.55,278,196,163.05,148.7,178.55
30,1.5,1.41,0.4570,425,287,95,2.01,420,272,521.25,75.95,463.05
30,1.5,1.42,0.4784,438,265,101,1.98,406,277,1840.6,118.85,1971.85
30,1.5,1.49,0.4497,449,275,90,2.12,498,312,1473.45,126.95,1388.45
30,1.5,1.44,0.4643,424,282,98,2,448,285,695.9,140.85,817.65
30,1.5,1.51,0.4619,442,275,94,2.18,440,287,1936.25,113.25,2096.9
30,1.5,1.57,0.4447,451,271,90,2.79,380,239,2119.5,95.9,1666.65
30,1.5,1.52,0.4269,450,286,83,2.65,418,262,833.7,101.15,814.55
30,1.5,1.54,0.4595,426,287,95,2.12,354,206,1361.5,147.85,1438
30,1.5,1.48,0.4690,408,303,97,2.13,442,278,2895.15,86.85,1578.1
30,1.5,1.44,0.4546,424,293,93,2.55,182,117,634.8,49.15,206.85
30,1.5,1.39,0.4714,439,267,99,2.10,432,289,734.5,81.45,750.8
30,1.5,1.52,0.4619,425,286,96,2.25,300,188,1634.8,88.5,1389.85
30,1.5,1.54,0.4346,444,286,86,2.41,226,144,4994.55,116.55,2855.15
30,1.5,1.43,0.4595,435,281,94,2.36,314,195,1042.2,177.4,641.45
30,1.5,1.48,0.4619,438,270,97,2.12,202,120,1438.8,105.75,706.45
30,1.5,1.60,0.4346,428,302,86,2.15,274,175,443.4,50.15,555.3
30,1.5,1.49,0.4447,449,276,89,2.42,338,219,1420.3,139.9,717.35
30,1.5,1.45,0.4690,430,275,99,2.10,208,129,932.55,85.4,333
30,1.5,1.46,0.4447,446,282,88,2.52,168,104,1056.1,22.7,320.2
30,1.5,1.41,0.4372,461,270,86,2.21,240,155,166.7,40.4,195.9
30,1.5,1.42,0.4899,422,265,108,2.21,446,291,2918.4,151.35,3765.9
30,1.5,1.43,0.4570,459,256,94,2.20,296,208,679.8,73.15,862.95
30,1.5,1.42,0.4643,426,289,95,2.08,244,157,2143.9,81,919.3
30,1.5,1.39,0.4447,446,279,89,2.66,322,209,969.7,183.7,989.55
30,1.5,1.42,0.4521,443,276,92,2.76,148,96,400.9,110.65,333.45
30,1.5,1.43,0.4190,454,288,80,2.93,224,143,99.35,130.5,127.25
30,1.5,1.5,0.4546,435,282,93,2.24,186,119,135.45,203.05,282.8
30,1.5,1.53,0.4397,441,285,88,2.27,420,265,2037.15,111.85,1812.95
30,1.5,1.51,0.4738,416,294,98,2.09,472,296,1260.95,123.2,1150.2
30,1.5,1.44,0.4570,445,270,94,2.27,206,136,532.05,168.2,277.4
30,1.5,1.47,0.4761,439,260,102,1.87,434,296,3689.95,116.4,3829.2
30,1.5,1.38,0.4714,457,246,100,1.96,450,302,1699.05,104.55,1450.55
30,1.5,1.44,0.4546,417,303,92,2.18,378,237,1686.4,128.1,1792.5
30,1.5,1.41,0.4570,436,279,94,2.30,318,206,676.9,132.35,821.45
30,1.5,1.50,0.4346,441,289,86,2.34,292,183,1527,164.9,1156.45
30,1.5,1.55,0.4497,431,293,90,2.33,346,205,366.2,163.25,421.55
30,1.5,1.51,0.4422,462,265,88,2.01,198,132,1054.5,203.95,1313.1
30,1.5,1.61,0.4643,416,293,97,2.14,332,199,1530.7,98.1,806.4
30,1.5,1.57,0.4595,406,310,94,2.36,264,152,1077.6,66.75,1149.8
30,1.5,1.56,0.4346,417,319,84,2.65,326,186,1580.4,166.45,1800.3
30,1.5,1.5,0.4397,432,297,87,2.60,246,147,490.75,148.85,257.35
30,1.5,1.48,0.4497,443,278,91,2.25,458,302,1229.05,130.2,1357
30,1.5,1.59,0.4738,393,311,100,2.02,274,163,369.45,184.1,378.8
30,1.5,1.39,0.4320,460,275,84,2.33,268,172,400.5,171.75,358.15
30,1.5,1.49,0.4372,433,295,87,2.87,196,127,522.45,39.05,582.05
30,1.5,1.39,0.4690,439,266,99,2.27,226,145,1832.85,66.9,1181.25
30,1.5,1.43,0.4497,435,283,92,2,170,104,1459.1,149.1,488.85
30,1.5,1.43,0.4595,426,287,95,2.09,452,282,2484.75,151.9,2141.35
30,1.5,1.45,0.4690,429,279,98,2.04,276,175,808.25,114.6,518.35
30,1.5,1.55,0.4397,429,297,88,2.33,292,189,604.45,89.9,434.2
30,1.5,1.47,0.4447,442,280,90,2.17,424,270,3841.95,132.85,3461.5
30,1.5,1.45,0.4619,441,270,96,2.25,400,261,794.65,155.45,657
30,1.5,1.41,0.4667,429,278,98,2.17,314,204,1176.2,127.85,1056.8
30,1.5,1.36,0.4922,415,273,108,2.31,314,196,986.3,116.3,881.05
30,1.5,1.61,0.4295,429,305,84,2.69,206,122,481.65,193.25,756.65
30,1.5,1.56,0.4619,412,299,96,2.25,306,184,2838.5,133.55,1656.15
30,1.5,1.40,0.4690,444,261,99,2.18,408,268,2365.5,157.25,2209.35
30,1.5,1.43,0.4346,456,274,86,2.52,502,332,1924,139.4,2162.8
30,1.5,1.63,0.4521,420,299,92,2.37,468,294,1677.3,106.65,1273.85
30,1.5,1.40,0.4619,468,243,96,2,218,147,200.45,151.05,362.45
30,1.5,1.54,0.4595,418,298,94,2.47,450,284,1947.65,115.75,2195.6
30,1.5,1.47,0.4570,417,295,95,2.38,418,266,2042.4,135.5,1906.3
30,1.5,1.48,0.4372,431,297,87,2.02,348,211,1340.15,103.3,1250.05
30,1.5,1.53,0.4595,433,283,94,2.27,356,230,243.05,67.7,218.4
30,1.5,1.55,0.4472,432,294,89,2.18,420,266,1654.85,157.5,2040.3
30,1.5,1.42,0.4497,456,265,91,2.44,294,194,2544.15,169.45,2934.6
30,1.5,1.52,0.4876,429,266,105,2.14,350,237,944.95,73.85,725
30,1.5,1.39,0.4761,441,261,101,2.08,138,83,172.9,98.5,51.55
30,1.5,1.42,0.4876,424,271,105,1.87,316,207,777.9,58.75,813.95
30,1.5,1.53,0.4546,437,286,91,2.55,126,76,148.1,92.2,37.05
30,1.5,1.57,0.4619,432,279,96,2.57,406,254,3799.15,95,3338.05
30,1.5,1.50,0.4472,434,286,91,2.25,418,276,560.2,80.3,662.8
30,1.5,1.66,0.4497,428,293,91,2.47,218,135,829.6,114.15,286.55
30,1.5,1.47,0.4595,434,279,95,2.35,214,137,1153.55,109.95,651.3
30,1.5,1.42,0.4595,441,269,96,1.90,162,104,613.8,54.5,768.15
30,1.5,1.38,0.4521,437,285,91,2.48,188,122,2136.3,91.25,1281.6
30,1.5,1.35,0.4784,452,251,101,2.20,406,266,1548.65,126.3,902.85
30,1.5,1.53,0.4422,454,270,89,2.36,382,247,7645.35,159.7,5492.8
30,1.5,1.56,0.4546,421,299,92,2.28,518,323,2697.65,145.75,3033.8
30,1.5,1.44,0.4521,434,282,93,2.35,386,249,2198.25,141.25,1726.25
30,1.5,1.46,0.4643,439,273,96,2.38,414,264,553.3,121.95,776.4
30,1.5,1.50,0.4570,416,299,94,2.46,234,143,1087.4,50.05,1499.8
30,1.5,1.52,0.4619,411,306,94,2.43,306,188,1707.65,143.95,1206.85
30,1.5,1.49,0.4163,448,296,79,2.77,298,187,708,57.4,611.75
30,1.5,1.57,0.4761,411,288,102,2.28,174,110,986,149.45,326
30,1.5,1.41,0.4807,442,265,100,2.23,232,142,630.6,48.7,491.6
30,1.5,1.36,0.4784,439,264,101,1.97,386,256,3055.45,110.6,3992.65
30,1.5,1.50,0.4422,440,284,89,2.07,468,312,1850.7,123.55,2330.35
30,1.5,1.40,0.4546,432,285,93,2.47,176,120,186.15,202.55,244
30,1.5,1.60,0.4570,436,282,93,2.81,266,173,899.5,78.1,1130.55
30,1.5,1.46,0.4397,445,284,87,2.25,290,177,739.4,43.55,942.95
30,1.5,1.4,0.4472,461,259,91,2.35,200,131,495.4,45.15,712.1
30,1.5,1.46,0.4372,440,294,85,2.41,326,208,965.2,99.2,1174.9
30,1.5,1.6,0.4643,400,312,96,2.11,378,227,625,63.7,508.25
30,1.5,1.53,0.4643,439,273,96,2.48,330,213,2339.15,60.05,1366.7
30,1.5,1.39,0.4595,443,273,94,2.06,292,190,4287,144.35,2898.3
30,1.5,1.61,0.4521,402,314,93,2.24,236,135,766.55,185.7,863.35
30,1.5,1.47,0.4447,451,271,90,2.84,474,303,1948.55,144.2,2061.8
30,1.5,1.53,0.4570,430,294,91,2.46,382,235,3152.5,144.55,4005.6
30,1.5,1.45,0.4472,428,292,91,2.40,186,123,421.1,83.65,218.5
30,1.5,1.47,0.4619,424,290,95,2.11,434,261,2544.25,101.75,1636.8
30,1.5,1.54,0.4422,409,315,89,2.35,342,207,347.2,63.85,491.15
30,1.5,1.49,0.4521,435,281,93,2.18,408,250,1946.95,114.25,2272.35
30,1.5,1.51,0.4690,436,272,98,2.14,258,168,1926.6,129.3,746.5
30,1.5,1.45,0.4784,402,292,104,2.04,236,143,2467.8,46.85,1194.05
30,1.5,1.54,0.4546,433,284,93,2.20,320,205,713.05,66.3,589.65
30,1.5,1.49,0.4521,433,289,91,2.59,332,210,1585.7,105.5,1443.7
30,1.5,1.50,0.4738,415,289,100,2.08,226,146,936.25,64.95,1153.75
30,1.5,1.37,0.4546,445,272,93,2.44,392,261,4270.4,121.3,3678
30,1.5,1.45,0.4667,424,280,99,2.28,290,184,974.5,60.5,630.35
30,1.5,1.41,0.4807,418,274,105,2.13,166,107,252.4,185.85,227.3
30,1.5,1.54,0.4295,426,311,83,2.29,374,226,2305.95,116.15,2100.6
30,1.5,1.52,0.4521,416,303,92,2.60,148,88,108.2,185.9,77.2
30,1.5,1.47,0.4570,426,292,93,2.15,308,188,1984.35,73.65,1449.1
30,1.5,1.6,0.4521,423,296,92,2.30,254,161,128.9,195.35,107.15
30,1.5,1.53,0.4190,455,287,80,2.33,368,237,350,84.8,371.7
30,1.5,1.54,0.4216,451,295,79,2.49,274,172,888.2,82.5,940.45
30,1.5,1.56,0.4472,429,291,91,2.22,374,254,4276.8,118.2,2077.1
30,1.5,1.60,0.4570,420,292,95,2.29,260,165,648.9,39.4,288.8
30,1.5,1.51,0.4422,433,294,88,2.67,286,179,932.25,177.9,944.25
30,1.5,1.53,0.4595,438,281,93,2.37,328,210,319.45,54.1,208.45
30,1.5,1.53,0.4295,446,288,84,2.18,450,286,2501.15,116.4,2399.6
30,1.5,1.46,0.4397,453,276,87,2.74,164,107,1524.15,115.95,575.5
30,1.5,1.48,0.4472,428,295,90,2.38,158,84,531.05,60.3,405.15
30,1.5,1.38,0.4761,429,273,101,2.20,342,234,6862.75,102.4,6490.45
30,1.5,1.68,0.4422,432,295,88,2.53,456,294,1988.65,126.2,2884.2
30,1.5,1.43,0.4372,460,274,85,2.66,432,297,1594.3,128.25,1306.7
30,1.5,1.51,0.4497,453,274,89,2.12,378,251,4182.15,153.15,3464.65
30,1.5,1.48,0.4546,446,274,92,2.23,294,188,2424.7,102.8,1510.7
30,1.5,1.43,0.4619,423,288,96,2.30,254,161,418.35,171.5,407.95
30,1.5,1.44,0.4738,470,234,100,1.98,324,225,1206.45,100.05,1324.25
30,1.5,1.41,0.4320,469,269,83,2.33,164,105,120.4,198.75,188.75
30,1.5,1.62,0.4714,409,291,101,2.32,488,295,1183.75,97,1382.9
30,1.5,1.44,0.4595,424,289,95,2.39,200,129,470.15,37.65,580.95
30,1.5,1.46,0.4521,443,276,92,2.78,458,294,1667.8,82.6,1500.25
30,1.5,1.51,0.4472,446,277,90,2.37,284,194,2233.05,89.05,1992.4
30,1.5,1.40,0.4738,426,278,100,2.52,324,205,4268.45,137.4,2271.2
30,1.5,1.54,0.4570,403,309,95,2.07,512,319,2233.85,122.15,1970.4
30,1.5,1.43,0.4784,443,263,100,1.99,236,141,778.15,119.25,749.8
30,1.5,1.5,0.4346,460,270,86,2.63,202,131,1347,155.95,503.85
30,1.5,1.46,0.4619,429,285,95,2.48,308,199,1782.9,149.8,2331.2
30,1.5,1.49,0.4595,446,276,92,2.15,352,226,6323.4,87.75,6476.3
30,1.5,1.53,0.4372,434,297,86,2.52,238,151,250.65,111.2,205.2
30,1.5,1.51,0.4690,440,274,96,2.69,350,233,702.85,64.75,1049.1
30,1.5,1.50,0.4738,417,284,101,2.08,322,200,4276.2,53.75,3759.65
30,1.5,1.42,0.4690,453,255,98,2.29,304,199,991.45,150.85,1612.35
30,1.5,1.53,0.4595,431,282,95,2.28,276,177,1317.05,162.2,1006.1
30,1.5,1.53,0.4472,423,300,90,2.24,218,130,2551.2,163.35,1425.45
30,1.5,1.52,0.4346,436,294,86,2.52,496,299,1382.55,107.05,1566.3
30,1.5,1.42,0.4546,441,276,93,2.04,376,237,3570.45,164.95,2531.35
30,1.5,1.51,0.4521,448,268,93,2.58,308,199,1557.85,111.8,1231
30,1.5,1.63,0.4619,407,301,97,2.37,174,100,303.85,123.15,188.75
30,1.5,1.61,0.4497,428,296,90,2.74,482,299,856.35,118.15,1083.05
30,1.5,1.45,0.4243,453,288,81,2.83,278,159,1160.8,70.1,1266.3
30,1.5,1.45,0.4690,420,285,99,2.34,286,182,7669.65,134.3,4142.05
30,1.5,1.52,0.4619,435,282,94,2.12,226,145,503.5,102.5,243.25
30,1.5,1.42,0.4922,437,251,108,1.98,204,132,1122.3,175.05,789.75
30,1.5,1.51,0.4372,439,292,86,2.37,242,153,1188.3,147.05,494.75
30,1.5,1.43,0.4216,449,291,81,2.35,378,245,5209.6,76.55,4680.25
30,1.5,1.51,0.4546,419,301,92,2.51,196,120,186.15,31.3,150.1
30,1.5,1.46,0.4397,442,284,88,2.42,228,139,2131.3,146.05,1285.3
30,1.5,1.59,0.4546,432,285,93,2.12,348,220,8047.3,153.2,7539
30,1.5,1.43,0.4397,459,270,87,2.34,356,247,1598.15,95.15,1004.55
30,1.5,1.44,0.4853,423,274,104,2.06,226,161,184.85,39.35,204.35
30,1.5,1.49,0.4447,430,292,90,2.46,236,144,124.9,38,211.25
30,1.5,1.46,0.4472,458,265,90,2.2,304,202,4593.4,140.7,3652.7
30,1.5,1.47,0.4784,421,276,103,2.25,384,244,4534.9,110.1,4694.05
30,1.5,1.49,0.4761,408,294,101,2.29,374,232,5053.9,149.8,3738.9
30,1.5,1.47,0.4761,419,289,99,2.17,270,169,190.65,44.35,222.5
30,1.5,1.56,0.4243,436,308,80,2.86,136,83,119.75,38.1,69.85
30,1.5,1.54,0.4472,431,292,90,2.78,242,148,1521.7,97.25,553.35
30,1.5,1.41,0.4521,446,270,93,2.04,448,295,2223.05,95.95,1319.85
30,1.5,1.50,0.4422,432,292,89,2.47,378,239,3462.1,118.25,2530.45
30,1.5,1.54,0.4667,424,289,96,1.92,294,188,1540.65,141.9,1512.75
30,1.5,1.5,0.4497,445,273,92,2.5,428,274,2613.15,140.15,1534.15
30,1.5,1.51,0.4346,430,300,86,2.44,178,117,337.55,71.8,170
30,1.5,1.51,0.4595,445,268,95,2.17,336,228,2944.9,119.7,1648.75
30,1.5,1.45,0.4472,456,267,90,2.33,158,108,888,79,312.8
30,1.5,1.44,0.4876,418,277,105,1.95,150,106,316.65,108.8,147.15
30,1.5,1.58,0.4422,432,295,88,2.84,342,207,407.4,106.55,430.15
30,1.5,1.5,0.4690,438,264,100,1.99,238,169,1566.3,134.95,862.5
30,1.5,1.38,0.4497,449,272,91,2.52,158,101,536.65,32.55,770.1
30,1.5,1.47,0.4216,458,282,81,3.07,464,303,1858.5,117.9,1172.7
30,1.5,1.42,0.4570,415,300,94,2.32,396,236,497.55,152.15,392.2
30,1.5,1.55,0.4422,425,302,88,2.35,324,204,3615.6,111.15,2505.15
30,1.5,1.47,0.4497,420,301,91,2.75,206,123,1189.6,91.5,942.5
30,1.5,1.46,0.4546,443,280,91,2.53,306,205,1252.95,182.95,664.55
30,1.5,1.48,0.4163,467,280,78,2.94,390,251,1476.55,165.45,872
30,1.5,1.56,0.4472,422,307,88,2.20,502,313,1694.6,149.95,1601.95
30,1.5,1.40,0.4619,434,274,97,2.15,454,293,2159.6,111.6,2191
30,1.5,1.48,0.4807,415,277,105,1.79,286,183,4578.4,122.05,5694.7
30,1.5,1.41,0.4738,434,267,101,2.35,238,164,2020.75,101.1,1046.85
30,1.5,1.55,0.4397,439,287,88,2.22,188,106,2536.85,200.75,1461.8
30,1.5,1.59,0.4216,438,302,81,2.89,360,209,3368.15,80.4,2947.5
30,1.5,1.42,0.4619,444,264,97,2.48,362,234,5300.05,123.2,4209.2
30,1.5,1.52,0.4570,436,279,94,2.40,448,287,965.95,80,1080.1
30,1.5,1.42,0.4830,414,279,105,1.92,360,243,9090.3,78.25,7116.75
30,1.5,1.51,0.4497,438,286,90,2.18,198,118,1430.8,133.85,534.1
30,1.5,1.54,0.4570,419,296,94,2.33,142,88,67.05,19.75,29.45
30,1.5,1.58,0.4190,428,317,79,3.16,308,169,1936.95,99.75,819.5
30,1.5,1.42,0.4643,431,281,96,2.17,292,185,2109.55,156.05,2043.3
30,1.5,1.53,0.4295,460,280,82,2.95,494,320,1569.55,107.65,1829.4
30,1.5,1.49,0.4497,425,296,91,2.49,326,193,1804.4,76.25,1918.65
30,1.5,1.51,0.4595,436,286,92,2.24,290,189,689.35,48.9,728.3
30,1.5,1.42,0.4546,442,275,93,2.58,438,289,2460.1,141.9,2445.2
30,1.5,1.54,0.4295,432,305,83,2.98,158,94,866.75,47.3,944.9
30,1.5,1.61,0.4372,448,283,86,2.67,208,139,409.7,37.9,733.85
30,1.5,1.51,0.4619,434,274,97,2.47,214,131,190.6,103.55,210.25
30,1.5,1.29,0.4643,475,234,97,2.11,486,341,3863.7,136.5,2872.3
30,1.5,1.44,0.4761,458,250,99,2.36,186,125,416.95,95.8,181.55
30,1.5,1.39,0.4807,426,272,103,2.15,326,211,4502.25,109.05,2758.4
30,1.5,1.36,0.4714,435,268,100,2.65,222,141,926.65,64.6,1033.9
30,1.5,1.34,0.4761,441,264,100,2.12,508,330,669.5,96.65,644.3
30,1.5,1.49,0.4372,437,294,86,2.30,344,200,2049.65,143.05,1677.2
30,1.5,1.57,0.4472,427,296,90,2.62,258,168,961.95,75.3,822
30,1.5,1.57,0.4320,426,309,84,2.48,336,191,292.35,177.5,326.5
30,1.5,1.44,0.4521,432,290,91,2.43,418,259,1436.95,96.6,1548.7
30,1.5,1.54,0.4546,435,291,90,2.28,226,135,1225.55,44.35,1267.8
30,1.5,1.44,0.4497,447,280,89,2.21,200,129,402.55,149.5,410.85
30,1.5,1.41,0.4570,452,263,94,2.56,248,158,4912.45,134.7,5348.85
30,1.5,1.49,0.4447,425,300,89,2.37,428,263,4397.9,78.55,5652.7
30,1.5,1.42,0.4346,451,282,85,2.48,452,299,2933.05,86.25,3217.5
30,1.5,1.51,0.4595,430,283,95,2.22,140,96,98.65,121.2,56.55
30,1.5,1.49,0.4643,426,283,97,1.95,552,351,1537.5,103,1576.3
30,1.5,1.48,0.4497,435,286,91,2.57,352,224,262.1,63.7,330.6
30,1.5,1.47,0.4497,465,262,89,2.15,320,211,5880.8,155.15,4203.4
30,1.5,1.53,0.4472,444,279,90,2.27,414,268,4215.15,154.7,5822.4
30,1.5,1.52,0.4397,448,278,88,2.14,346,219,980.25,152.15,1389.4
30,1.5,1.54,0.4570,400,312,95,2.58,184,111,476.6,54.4,430.3
30,1.5,1.43,0.4447,451,271,90,2.19,224,146,245.4,75,123.9
30,1.5,1.49,0.4346,443,287,86,2.31,306,194,1730.85,174.6,2019.05
30,1.5,1.44,0.4320,458,274,85,2.34,256,165,1026.4,182.35,1367
30,1.5,1.44,0.4619,450,267,94,3.38,190,124,65.9,114.1,86.55
30,1.5,1.44,0.4784,439,270,99,1.98,302,202,448.9,158.2,319.25
30,1.5,1.49,0.4619,442,272,95,2.18,236,156,146.8,44.45,209.35
30,1.5,1.45,0.4570,445,273,93,2.46,418,272,1645.35,122.65,2043.7
30,1.5,1.51,0.4876,385,307,106,2.13,222,136,1581.75,158.8,713.3
30,1.5,1.46,0.4546,441,273,94,2.21,166,103,567.35,44.95,226.45
30,1.5,1.36,0.4472,464,256,91,2.34,208,138,2047.75,197.5,2234.7
30,1.5,1.66,0.4190,439,303,80,2.54,270,162,2247.75,89.25,1141.6
30,1.5,1.52,0.4546,434,283,93,2.38,262,163,2150.35,125.1,1165.75
30,1.5,1.51,0.4372,430,298,87,3.21,154,96,355.5,24.95,146.65
30,1.5,1.43,0.4447,430,295,89,2.71,160,95,316.5,34.95,397.7
30,1.5,1.54,0.4397,422,304,88,2.82,208,124,1568.8,164.8,1383.75
30,1.5,1.44,0.4397,447,279,88,2.5,262,178,141.25,42.6,184.65
30,1.5,1.49,0.4472,460,266,89,2.21,220,141,458.1,197.3,576.45
30,1.5,1.64,0.4346,433,300,85,2.24,324,202,1284.5,56.9,1529.8
30,1.5,1.49,0.4497,445,276,91,2.07,362,233,950.65,156.4,970.6
30,1.5,1.35,0.4447,446,279,89,2.52,174,109,666.1,24.6,218.6
30,1.5,1.57,0.4269,426,310,83,2.60,226,134,332.45,38.6,260
30,1.5,1.54,0.4595,427,286,95,2.21,412,255,5074.8,161.5,4074.4
30,1.5,1.45,0.4667,422,285,98,2.20,224,143,1032.95,187.7,1264.35
30,1.5,1.52,0.4472,445,275,91,2.24,342,228,2461.05,137.4,1436.8
30,1.5,1.49,0.4570,422,293,94,2.60,328,223,445.4,106,337
30,1.5,1.59,0.4643,425,287,96,2.28,276,161,1580.5,95.25,799.25
30,1.5,1.48,0.4546,428,289,93,2.20,360,226,856.7,88.85,1031
30,1.5,1.51,0.4521,451,268,92,2.5,332,223,2038.05,135.4,2172.25
30,1.5,1.48,0.4619,434,283,94,2.35,202,124,201.05,42.05,262.55
30,1.5,1.49,0.4216,453,287,81,2.96,372,236,497.85,61.8,704.65
30,1.5,1.44,0.4643,445,270,95,2.24,456,297,2668.3,90.55,2474.55
30,1.5,1.63,0.4269,424,312,83,2.90,300,178,3825.1,112.55,3321.1
30,1.5,1.40,0.4372,458,270,87,2.90,492,334,2200.45,109.95,2571.15
30,1.5,1.55,0.4595,409,304,95,2.72,378,225,3489.2,144.3,3361
30,1.5,1.44,0.4269,473,263,83,2.63,254,167,213.3,39.6,246.6
30,1.5,1.49,0.4619,448,263,96,2.01,414,280,217.25,73.15,299.35
30,1.5,1.39,0.4447,477,251,88,2.35,416,289,1040.3,92.05,955.05
30,1.5,1.34,0.4667,450,257,98,2.37,192,118,2471.65,133.4,1109.85
30,1.5,1.42,0.4497,447,274,91,2.75,356,233,1200.25,84.15,1803.35
30,1.5,1.49,0.4714,422,281,100,2.1,494,306,1275.75,100.15,1447.65
30,1.5,1.55,0.4521,425,294,92,2.03,290,178,1428.9,126.45,674.2
30,1.5,1.50,0.4372,438,290,87,2.45,298,195,1250.75,94.4,628.75
30,1.5,1.55,0.4667,425,285,97,2.36,414,252,2373.4,91.05,2714.3
30,1.5,1.43,0.4830,408,282,106,2.17,208,132,261.35,92.2,145.8
30,1.5,1.46,0.4570,428,290,93,2.35,270,170,347.4,185.55,542.3
30,1.5,1.48,0.4546,442,275,93,2.14,204,123,245.75,30.2,120.15
30,1.5,1.44,0.4546,444,276,92,2.48,400,263,1053.1,105.1,1116.15
30,1.5,1.46,0.4619,421,290,96,2.35,340,218,2042.5,113.55,1652.6
30,1.5,1.41,0.4619,451,263,95,2.06,274,180,185.15,119.9,135.45
30,1.5,1.49,0.4422,459,268,88,2.52,236,155,257.15,190.05,324.2
30,1.5,1.55,0.4295,420,317,83,3.08,246,138,737.6,83.75,676
30,1.5,1.54,0.4269,438,301,82,2.61,432,268,2696.8,88.3,2503.95
30,1.5,1.48,0.4643,441,265,98,2.20,440,275,774.5,79.7,581.05
30,1.5,1.44,0.4521,458,261,92,2.66,366,244,840.95,111.4,710.45
30,1.5,1.42,0.4619,456,261,94,2.80,284,199,2000.05,71.3,1336.3
30,1.5,1.43,0.4546,429,285,94,2.66,100,55,541.25,12.9,131.35
30,1.5,1.37,0.4447,449,279,88,2.59,298,191,301.25,163.55,325.45
30,1.5,1.57,0.4447,435,287,90,2.87,366,225,519.9,67.1,701.4
30,1.5,1.45,0.4643,433,282,95,1.87,360,228,1636.75,74.3,962.65
30,1.5,1.49,0.4295,474,266,82,2.60,370,236,5332.7,165.65,5148.45
30,1.5,1.60,0.4136,445,301,78,2.47,410,265,720.65,79.3,845.2
30,1.5,1.51,0.4521,448,271,92,2.26,272,165,4317.3,147.3,2847.8
30,1.5,1.50,0.4619,448,272,93,2.12,254,167,3228.1,112.6,1906.55
30,1.5,1.40,0.4643,444,274,94,2.28,426,276,3867.6,87.95,4162.8
30,1.5,1.50,0.4595,406,304,96,2.53,276,161,1043.3,164.9,1011
30,1.5,1.47,0.4546,437,277,94,2.61,250,158,1149.55,179.15,1135.3
30,1.5,1.54,0.4595,422,291,95,2.03,376,242,5755.85,89.95,6168.8
30,1.5,1.45,0.4595,438,278,94,2.20,230,151,391.75,39.55,216.9
30,1.5,1.46,0.4546,437,283,92,2.48,250,158,3234.35,115.8,2660.4
30,1.5,1.49,0.4570,419,296,94,2.62,432,269,2865.65,151.4,2894.5
30,1.5,1.54,0.4422,435,292,88,2.5,276,169,2760.9,128.25,2064.5
30,1.5,1.37,0.4667,427,280,98,2.16,226,149,1573.9,190.85,1671.15
30,1.5,1.39,0.4619,421,287,97,2.38,454,283,1316.4,113.15,1199.7
30,1.5,1.49,0.4447,450,272,90,2.4,138,84,268.3,186.1,195.6
30,1.5,1.46,0.4595,432,281,95,2.52,198,118,629.4,201.45,769.3
30,1.5,1.55,0.4690,409,299,98,2.22,304,194,2726.4,55.65,3664.9
30,1.5,1.44,0.4521,441,281,91,2.27,316,202,2339.65,80.9,1166.85
30,1.5,1.51,0.4163,439,305,79,2.85,150,101,66.45,78,53.05
30,1.5,1.48,0.4497,431,290,91,2.35,358,210,360.75,65.45,539.85
30,1.5,1.60,0.4346,427,303,86,2.73,428,264,1150.2,154.7,949.15
30,1.5,1.47,0.4447,435,287,90,2.48,370,227,2253.1,141.45,1648.35
30,1.5,1.54,0.4216,462,278,81,2.38,332,205,632.65,62.7,658
30,1.5,1.51,0.4447,435,287,90,2.23,336,230,6545.6,155.65,4248.35
30,1.5,1.52,0.4397,427,299,88,2.43,304,186,2237.05,159.3,2758
30,1.5,1.49,0.4619,427,287,95,2.13,116,73,83.5,15.9,24.4
30,1.5,1.56,0.4397,427,299,88,2.43,336,206,3081.5,112.25,3650.45
30,1.5,1.47,0.4521,428,291,92,2.55,202,125,843.05,69.9,938.05
30,1.5,1.50,0.4521,466,256,91,2.10,288,187,2570.1,78.2,2091
30,1.5,1.46,0.4521,433,286,92,2.15,278,176,2194.05,149.55,2650.55
30,1.5,1.52,0.4714,393,313,99,2.23,458,277,2390.05,123.65,2889.5
30,1.5,1.57,0.4082,449,301,76,2.49,444,285,5009,105.5,4682.15
30,1.5,1.66,0.4422,419,314,86,3.17,424,266,964,117.15,1406.1
30,1.5,1.43,0.4761,429,270,102,2.20,370,233,3189.85,121.65,2176.2
30,1.5,1.45,0.4521,440,282,91,2.25,244,157,311.5,198.65,343.65
30,1.5,1.46,0.4690,426,279,99,2.39,366,235,1559.3,90.65,1493.7
30,1.5,1.44,0.4447,468,257,89,2.46,304,206,336.25,56.95,414.4
30,1.5,1.42,0.4546,445,269,94,2.45,270,182,179.7,41,195.55
30,1.5,1.44,0.4422,450,277,88,2.57,302,195,1039.1,60.6,1474.55
30,1.5,1.44,0.4830,436,260,104,1.90,428,269,2531.2,117.65,2574.5
30,1.5,1.52,0.4714,427,285,97,2.23,372,245,6618.3,75.6,4063.15
30,1.5,1.34,0.4876,436,256,106,2,400,271,1011.75,147.75,748.7
30,1.5,1.45,0.4667,433,271,99,1.99,206,135,805.75,51.55,608
30,1.5,1.40,0.4595,442,271,95,2.13,180,113,48.95,26.05,58.85
30,1.5,1.52,0.4690,434,277,97,2.25,300,183,3018.05,95.95,2657.15
30,1.5,1.41,0.4472,449,277,89,2.65,398,258,1890.9,135.3,2122.7
30,1.5,1.55,0.4595,438,275,95,2.61,396,256,1826,113.05,2125.8
30,1.5,1.54,0.4216,422,318,81,2.85,432,256,2282.5,127.6,2325.35
30,1.5,1.55,0.4190,457,285,80,2.36,402,274,1531.45,97,1467.8
30,1.5,1.6,0.4595,414,296,96,1.93,396,246,4731.9,129.15,2998.65
30,1.5,1.49,0.4546,433,281,94,2.03,186,106,1492.25,121.9,626.95
30,1.5,1.52,0.4546,418,296,94,2.15,234,147,2102.85,130.05,946.75
30,1.5,1.51,0.4714,443,263,99,1.89,244,159,948.55,67.1,724.75
30,1.5,1.47,0.4447,444,281,89,2.46,238,156,233.6,97.05,98.7
30,1.5,1.5,0.4320,444,288,85,2.36,188,122,122.65,34.2,175.3
30,1.5,1.51,0.4595,418,295,95,2.09,318,198,982.25,158.8,795.2
30,1.5,1.46,0.4830,427,278,101,2.31,312,195,1235.4,54.75,606.1
30,1.5,1.43,0.4497,417,301,92,2.32,252,156,2817.4,126.5,1426.85
30,1.5,1.42,0.4570,449,269,93,2.29,130,84,558.4,21.9,227.45
30,1.5,1.44,0.4372,444,290,85,3.6,310,198,978.45,71,797.8
30,1.5,1.52,0.4497,442,285,89,2.46,246,159,316.9,198.5,446.75
30,1.5,1.49,0.4472,445,275,91,3.15,432,278,4306.05,154.05,4672.8
30,1.5,1.55,0.4472,436,284,91,2.37,286,185,1697.95,48.8,1610.25
30,1.5,1.5,0.4521,449,270,92,2.23,482,313,2193.95,142.1,2402.65
30,1.5,1.56,0.4738,417,287,100,2.04,122,78,294.35,109.25,117.9
30,1.5,1.52,0.4595,436,280,94,2.12,476,294,3870.45,109.4,3338.95
30,1.5,1.46,0.4546,450,264,94,2.63,122,73,95.1,17.05,165.35
30,1.5,1.50,0.4372,451,286,84,2.77,158,102,287.35,101.3,456.25
30,1.5,1.51,0.4546,434,286,92,2.32,450,289,409.35,151.05,563.1
30,1.5,1.49,0.4422,445,282,88,2.18,446,294,1305.35,82.05,1410.2
30,1.5,1.49,0.4667,431,282,96,2.27,124,79,191.55,127.6,232
30,1.5,1.57,0.4714,411,295,99,2.16,502,314,723.9,114.95,973.1
30,1.5,1.35,0.4944,436,247,110,2.08,324,221,1677.5,98.45,1172.15
30,1.5,1.54,0.4372,447,284,86,2.31,246,157,1193.8,124.95,598.85
30,1.5,1.48,0.4619,442,269,96,2.17,368,235,2055.45,106.4,2896.1
30,1.5,1.40,0.4643,438,271,97,2.18,228,150,521.9,48.4,636.65
30,1.5,1.52,0.4595,436,280,94,2.39,206,143,475.7,68.85,253.95
30,1.5,1.47,0.4447,450,275,89,2.52,246,163,2363.25,156.75,2077.6
30,1.5,1.61,0.4269,430,306,83,2.35,310,196,1744.85,156.35,1760.05
30,1.5,1.51,0.4570,459,259,93,2.29,272,176,2134.25,174.15,2098.85
30,1.5,1.45,0.4546,441,279,92,2.20,258,157,2566.4,105.8,1500.6
30,1.5,1.47,0.4397,430,299,87,2.46,498,309,1796.5,119,1748.6
30,1.5,1.47,0.4447,437,288,89,2.47,506,318,1483.75,132.05,1730.5
30,1.5,1.4,0.4643,433,273,98,2.02,224,148,510,130.7,202.2
30,1.5,1.50,0.4546,437,286,91,2.51,450,280,2618.55,140.25,3633.1
30,1.5,1.50,0.4521,429,287,93,2.48,264,170,858.4,171.8,1032.1
30,1.5,1.44,0.4497,455,266,91,2.45,162,112,749.1,96.4,419.2
30,1.5,1.48,0.4546,446,271,93,2.18,444,294,2823,73.85,2179.6
30,1.5,1.43,0.4320,458,274,85,2.86,152,98,90.8,118.3,42.15
30,1.5,1.44,0.4876,443,246,107,1.84,190,122,90.2,108.9,102.6
30,1.5,1.51,0.4472,446,277,90,2.43,304,195,2597.9,49.1,2329.05
30,1.5,1.4,0.4595,436,280,94,2.32,306,208,426.8,158.55,584
30,1.5,1.63,0.4447,413,312,89,2.39,374,226,329.7,57.95,285.4
30,1.5,1.51,0.4738,406,301,99,2.39,432,265,1201.6,133.75,980.15
30,1.5,1.52,0.4521,448,271,92,2.23,494,322,2040.7,122.95,1663.7
30,1.5,1.47,0.4497,427,291,92,2.57,436,275,2257.15,86.45,1694.6
30,1.5,1.47,0.4472,445,278,90,2.56,424,285,4211.15,74.2,3577.15
30,1.5,1.37,0.4619,460,257,94,2.39,152,99,678.15,78.15,231.95
30,1.5,1.42,0.4546,443,277,92,2.13,374,241,3082.8,102.95,2216.9
30,1.5,1.47,0.4570,441,280,92,2.28,444,288,2044.65,109.6,1770.45
30,1.5,1.62,0.4690,423,279,100,2.18,238,147,1545.4,150.05,699.7
30,1.5,1.56,0.4320,413,322,84,3.04,146,87,245.1,19.35,58.25
30,1.5,1.47,0.4447,471,254,89,2.78,392,281,3565.25,133.6,4599.1
30,1.5,1.51,0.4690,424,287,97,2.28,306,201,1413.7,60.45,1754.3
30,1.5,1.46,0.4521,447,275,91,2.30,340,225,1123.75,96.45,562
30,1.5,1.48,0.4643,447,265,96,2.19,324,217,461.5,134.25,371.4
30,1.5,1.58,0.4320,442,293,84,2.25,460,289,2158.45,125.35,2468.25
30,1.5,1.52,0.4546,436,284,92,2.33,140,82,925.15,28.15,341.05
30,1.5,1.46,0.4546,447,270,93,2.72,344,222,3361.25,116.8,2822.45
30,1.5,1.45,0.4521,441,275,93,2.35,276,179,334.55,168.2,367.05
30,1.5,1.49,0.4521,447,275,91,2.57,296,197,2661,181,1786.85
30,1.5,1.44,0.4472,441,282,90,2.69,188,123,923.75,64.4,525
30,1.5,1.46,0.4546,435,285,92,2.09,218,129,141,91.05,134.65
30,1.5,1.53,0.4472,442,284,89,2.08,258,167,224.8,61.4,258.05
30,1.5,1.50,0.4190,450,292,80,2.89,252,158,263.25,45.9,397.2
30,1.5,1.50,0.4546,424,296,92,2.45,304,193,838.75,70.6,971.25
30,1.5,1.47,0.4397,452,274,88,2.40,352,230,1041.6,100.2,1377
30,1.5,1.48,0.4372,464,270,85,2.52,306,191,761.8,58.85,492.75
30,1.5,1.47,0.4521,429,293,91,3.10,246,149,1080.45,150.25,579.55
30,1.5,1.53,0.4570,432,283,94,2.54,522,339,1482.15,110.7,1881.6
30,1.5,1.54,0.4690,431,280,97,2.40,260,167,563.25,184.75,573.8
30,1.5,1.47,0.4472,446,274,91,2.22,138,84,392.9,186.3,186.5
30,1.5,1.47,0.4619,434,277,96,2.29,356,239,4351.05,95.8,4568.4
30,1.5,1.36,0.4944,424,265,108,1.90,398,261,5358.25,95.9,5834.3
30,1.5,1.52,0.4497,415,303,92,2.30,222,132,926.9,65.3,527.6
30,1.5,1.5,0.4667,464,249,96,2.29,490,322,1587.2,112.95,1451.45
30,1.5,1.5,0.4216,461,279,81,2.42,242,151,473.95,177.65,513.6
30,1.5,1.44,0.4497,454,267,91,2.21,420,266,2130.25,116.9,1050.8
30,1.5,1.43,0.4397,457,275,86,2.28,156,86,91.75,27.3,104
30,1.5,1.45,0.4714,428,278,99,2.01,388,245,3399.05,134.65,3515.6
30,1.5,1.44,0.4397,455,271,88,2.40,204,135,251.4,153.45,123.05
30,1.5,1.36,0.4738,451,256,99,1.81,282,186,2330.4,93.25,1547.7
30,1.5,1.39,0.4714,452,260,97,2.32,214,133,903.3,110.9,341.05
30,1.5,1.49,0.4546,442,275,93,2.15,222,139,113.4,34.3,104.2
30,1.5,1.35,0.4714,443,257,101,2.14,232,157,382.65,191.7,459.4
30,1.5,1.41,0.4714,429,274,100,1.94,452,287,2927.1,122.1,3234.65
30,1.5,1.44,0.4497,432,289,91,2.59,304,206,1126.55,70,978.8
30,1.5,1.59,0.4497,433,288,91,2.31,296,184,474.45,54.25,701.7
30,1.5,1.56,0.4295,451,289,82,2.52,178,120,178.5,195.95,105.55
30,1.5,1.62,0.4320,449,289,83,3.16,460,290,2427.5,96.8,3414.45
30,1.5,1.44,0.4372,448,280,87,2.56,462,298,664.9,88.4,893.75
30,1.5,1.44,0.4667,427,280,98,2.08,270,175,268.7,105.5,261.25
30,1.5,1.53,0.4690,410,298,98,2.22,192,118,783.05,28.65,316.65
30,1.5,1.50,0.4595,433,283,94,2.18,226,151,1673.65,132.1,762.15
30,1.5,1.52,0.4619,413,304,94,2.45,392,226,947.95,128.15,1101.8
30,1.5,1.39,0.4269,466,273,82,2.67,490,324,1999.75,120.95,2004
30,1.5,1.58,0.4422,448,282,87,2.31,286,189,988.4,60.25,431.35
30,1.5,1.45,0.4619,444,273,94,2.26,262,163,601.85,75.35,621.2
30,1.5,1.49,0.4521,431,291,91,2.41,274,178,5264.65,100.5,2863.15
30,1.5,1.59,0.4243,441,300,81,2.60,228,138,508.8,75.25,247.3
30,1.5,1.57,0.4295,435,299,84,2.69,348,218,1132.7,168.15,1559.25
30,1.5,1.51,0.4619,438,276,95,2.17,356,232,5893.15,126.95,5021.45
30,1.5,1.47,0.4546,437,283,92,2.91,394,253,2626.6,124.65,2864.05
30,1.5,1.42,0.4216,458,291,78,2.53,302,198,336.75,185.85,386.25
30,1.5,1.52,0.4714,434,281,96,2.35,352,229,3552,145.15,3620.75
30,1.5,1.44,0.4690,443,265,98,2.24,418,272,2806.1,83.25,1477.25
30,1.5,1.49,0.4944,431,258,108,2,356,235,849.3,87.4,815.3
30,1.5,1.54,0.4595,431,288,93,2.19,188,118,431.05,78.9,196.2
30,1.5,1.54,0.4595,409,304,95,2.46,194,116,493.6,35.35,616.2
30,1.5,1.33,0.4619,466,242,97,2.35,244,162,4612.5,180.6,3115.7
30,1.5,1.50,0.4422,462,274,85,2.62,196,126,344.8,26.55,90.4
30,1.5,1.46,0.4521,435,284,92,2.40,296,188,695.6,57.75,502.4
30,1.5,1.56,0.4643,418,294,96,2.43,298,178,210.8,52.45,340.5
30,1.5,1.50,0.4667,433,274,98,2.09,406,268,594.65,104.2,627.8
30,1.5,1.41,0.4714,438,262,101,2.05,298,194,1199.35,66,1167.4
30,1.5,1.40,0.4397,475,251,88,2.60,432,288,799,93.25,728.85
30,1.5,1.47,0.4714,429,277,99,2.70,314,206,873.45,111.9,953.1
30,1.5,1.47,0.4643,442,270,96,2.46,284,189,5335.55,157.7,3794.35
30,1.5,1.44,0.4667,420,287,98,2.32,448,284,2357.75,130.5,1710.15
30,1.5,1.46,0.4521,453,263,93,2.31,416,273,2244.2,114.05,2671.75
30,1.5,1.52,0.4619,421,293,95,2.01,228,135,202.8,114.8,195.75
30,1.5,1.47,0.4216,459,284,80,2.29,256,163,2305.35,148.85,894.55
30,1.5,1.50,0.4714,408,292,101,2.12,352,231,249.15,97.35,253.85
30,1.5,1.47,0.4497,470,254,90,2.77,374,253,2981.45,122.3,2811.8
30,1.5,1.52,0.4643,433,279,96,2.44,196,136,144.9,35.2,126
30,1.5,1.64,0.4320,439,299,83,2.93,258,157,184.55,42.3,143.8
30,1.5,1.44,0.4595,443,267,96,2.46,258,172,1227.5,45.7,1643.85
30,1.5,1.38,0.4784,430,270,102,2.21,282,178,269.5,164.35,308.15
30,1.5,1.49,0.4497,437,287,90,2.16,360,232,4601.4,85.65,2941.8
30,1.5,1.50,0.4472,446,277,90,2.21,136,91,276.05,141.25,102.8
30,1.5,1.42,0.4807,426,278,101,2.22,260,179,3298.1,119.5,1653.55
30,1.5,1.40,0.4595,438,278,94,2.44,464,311,1071.35,110.55,1547.8
30,1.5,1.56,0.4163,438,306,79,2.92,446,272,1681.6,112.25,914.9
30,1.5,1.48,0.4346,445,288,85,2.71,242,154,2546.65,151.7,1362.4
30,1.5,1.53,0.4447,436,286,90,2.4,484,308,2068.7,122.5,2110.6
30,1.5,1.36,0.4497,475,246,91,2.15,398,284,806.8,146.95,880.25
30,1.5,1.47,0.4570,429,286,94,2.15,374,230,1389.45,152.6,1256.4
30,1.5,1.49,0.4643,449,257,98,2.08,378,252,1654.4,71.25,819.65
30,1.5,1.53,0.4570,402,310,95,2.36,268,153,1845.75,98.05,1856.85
30,1.5,1.52,0.4447,420,311,87,2.70,280,176,1992.05,130.1,1231.5
30,1.5,1.32,0.4447,480,245,89,2.63,296,213,518.1,69.3,692.75
30,1.5,1.49,0.4521,439,280,92,2.37,238,151,1672.65,165.5,1650.4
30,1.5,1.49,0.4807,422,282,101,2.13,140,85,457.9,64.3,140.65
30,1.5,1.54,0.4714,440,266,99,1.89,148,90,614.55,50.8,150.65
30,1.5,1.48,0.4521,427,298,90,2.93,128,79,30.2,112.1,20.55
30,1.5,1.51,0.4472,432,291,90,2.39,306,189,3216.25,134.1,1423.5
30,1.5,1.61,0.4761,404,298,101,1.98,218,139,326.9,33.2,296.95
30,1.5,1.51,0.4521,429,287,93,2.24,280,176,203.05,49.05,277.3
30,1.5,1.47,0.4667,429,278,98,2.14,288,191,158.15,47.6,150.8
30,1.5,1.51,0.4497,415,306,91,2.60,180,93,755.75,123.2,642.25
30,1.5,1.54,0.4690,428,277,99,2.18,418,264,2886,94.9,1407.75
30,1.5,1.43,0.4643,427,288,95,2.81,374,230,3291.5,126.2,2678.75
30,1.5,1.48,0.4643,449,263,96,2.17,228,157,304.1,179.3,123.95
30,1.5,1.49,0.4521,449,276,90,2.11,420,264,5069.2,88.6,5537.65
30,1.5,1.45,0.4643,423,289,96,2.32,426,273,2059.95,157.1,1377.75
30,1.5,1.50,0.4738,438,263,101,2.02,198,141,1891.8,28,1453.55
30,1.5,1.47,0.4784,427,273,102,2.28,156,97,1346.6,184.7,419.95
30,1.5,1.44,0.4397,462,264,88,2.26,288,191,5077.65,101.7,2574.95
30,1.5,1.48,0.4595,431,279,96,2.18,350,225,3506.15,73.95,2140.5
30,1.5,1.5,0.4546,447,270,93,2.33,434,276,1145.4,127.8,1174.9
30,1.5,1.44,0.4447,435,290,89,2.54,438,275,6669.6,141.2,5597.35
30,1.5,1.42,0.4521,440,279,92,2.54,182,117,154.9,148.9,74.65
30,1.5,1.41,0.4595,443,267,96,1.93,416,265,4650.85,86.2,5304.1
30,1.5,1.41,0.4643,432,274,98,2.24,286,192,1319.45,43.15,702.8
30,1.5,1.38,0.4372,448,283,86,2.29,444,280,1436.6,135.75,1715.75
30,1.5,1.51,0.4595,424,289,95,2.76,372,222,985.4,88.25,906.2
30,1.5,1.54,0.4447,446,282,88,2.58,376,236,1898.55,91.8,1993.8
30,1.5,1.45,0.4546,433,281,94,2.31,332,211,4720.9,90.45,4080.1
30,1.5,1.43,0.4570,437,281,93,2,242,144,313.1,44.95,368.35
30,1.5,1.57,0.4447,427,298,89,2.20,494,298,2070.55,116.5,2468.55
30,1.5,1.47,0.4472,442,281,90,2.63,438,280,1758.85,146.55,1732.7
30,1.5,1.43,0.4570,443,275,93,2.29,398,270,518,159.85,415.9
30,1.5,1.53,0.4521,432,287,92,2.16,256,154,482.95,55.15,484.2
30,1.5,1.46,0.4422,461,272,86,3.09,218,142,1385.4,185.55,492.45
30,1.5,1.49,0.4269,450,286,83,2.78,444,290,1144,126.35,1239.4
30,1.5,1.50,0.4690,448,266,96,2.05,530,353,1551.3,117.75,1597.7
30,1.5,1.46,0.4619,433,284,94,2.93,178,107,2310.25,78.3,1250.5
30,1.5,1.45,0.4346,466,264,86,2.47,490,321,2051.05,126.95,1096.65
30,1.5,1.61,0.4447,417,305,90,2.3,264,161,1753.4,191.35,2347.55
30,1.5,1.60,0.4447,412,313,89,2.75,512,312,1383.6,108.5,1717.1
30,1.5,1.57,0.4521,411,305,93,2.29,208,122,199.7,52.2,225.55
30,1.5,1.41,0.4738,436,265,101,1.98,278,192,1107.9,133.85,509.15
30,1.5,1.53,0.4643,398,311,97,2.21,370,217,1202.15,144.05,1361.6
30,1.5,1.55,0.4784,417,286,101,1.98,340,217,1880.7,169.5,969.55
30,1.5,1.52,0.4738,417,287,100,2.06,308,192,936.9,107.7,462.4
30,1.5,1.49,0.4595,444,269,95,2.53,236,164,266.25,34.9,309.75
30,1.5,1.51,0.4595,439,274,95,2.43,302,187,743.1,50.4,592.9
30,1.5,1.47,0.4372,445,286,86,2.65,328,219,2734.45,133.7,2361.45
30,1.5,1.48,0.4447,438,293,87,2.86,388,239,2122.6,103.55,2247.85
30,1.5,1.51,0.4595,436,283,93,2.12,430,269,3965.75,104.7,3261.4
30,1.5,1.55,0.4497,446,275,91,2.08,410,278,4320.95,167.85,3138.05
30,1.5,1.52,0.4619,428,286,95,2.39,318,204,579.6,171.95,419.25
30,1.5,1.42,0.4784,422,281,101,2.09,480,301,858.65,88.2,925.5
30,1.5,1.44,0.4761,422,280,101,2.06,330,222,1638.65,77.6,1606.3
30,1.5,1.41,0.4761,428,280,99,2.32,432,279,3257.9,128.55,2733.05
30,1.5,1.60,0.4595,426,287,95,2.43,238,146,483.9,191.1,503.15
30,1.5,1.52,0.4784,423,274,103,2.55,212,144,126.1,150.9,153.65
30,1.5,1.44,0.4397,438,291,87,2.85,184,128,141.8,77.75,83.65
30,1.5,1.49,0.4397,423,303,88,2.44,238,150,1690.25,81.65,629.55
30,1.5,1.46,0.4397,445,284,87,2.37,190,111,680.25,50.35,693.25
30,1.5,1.51,0.4472,454,272,89,2.22,174,106,186.7,26.65,172.3
30,1.5,1.49,0.4714,421,285,99,2.40,166,97,2225.65,195.2,900.25
30,1.5,1.46,0.4546,449,265,94,1.96,282,178,7183.5,118.65,5774.75
30,1.5,1.46,0.4784,410,290,102,2.04,300,184,492.25,52.3,430.6
30,1.5,1.51,0.4570,432,286,93,2.26,328,205,3208.2,138.3,2552.95
30,1.5,1.51,0.4643,442,267,97,1.80,464,315,1971.5,133,1505.35
30,1.5,1.51,0.4295,445,292,83,2.12,376,237,1496.2,87.3,1363.15
30,1.5,1.44,0.4472,460,266,89,2.65,300,194,1720.9,172.75,1764.7
30,1.5,1.41,0.4738,432,266,102,2.16,404,258,1039.85,88.85,607.2
30,1.5,1.44,0.4447,457,268,89,2.51,256,172,1046,66.1,808.1
30,1.5,1.51,0.4595,430,283,95,2.19,426,279,2718.7,121.85,2512.5
30,1.5,1.42,0.4243,462,279,81,3.02,472,314,1645.1,130.5,1877.05
30,1.5,1.41,0.4619,443,268,96,2.15,208,134,394.1,206.9,402.3
30,1.5,1.49,0.4346,449,284,85,3.31,426,280,2309.9,94.55,1664.3
30,1.5,1.45,0.4521,449,267,93,2.13,162,103,1604.5,175.5,684.65
30,1.5,1.55,0.4472,448,272,91,2.49,400,272,1064.15,94.4,1194.75
30,1.5,1.46,0.4422,460,267,88,2.38,258,168,242.35,53.35,276.95
30,1.5,1.48,0.4853,422,278,103,2.07,306,197,2969,130.65,1550.45
30,1.5,1.49,0.4595,449,261,96,2.24,428,281,1885.15,75,2791.2
30,1.5,1.61,0.4269,435,304,82,2.39,502,313,3078.95,98,2853.75
30,1.5,1.52,0.4546,449,274,91,3.03,232,140,116.5,63.7,129.4
30,1.5,1.48,0.4546,441,279,92,2.27,330,208,438.2,69.45,716.8
30,1.5,1.64,0.4136,419,327,78,2.54,436,254,4260.65,85.55,2753.6
30,1.5,1.46,0.4521,427,292,92,2.34,336,206,701.85,168.9,751.25
30,1.5,1.43,0.4372,447,284,86,2.36,478,316,2057.7,125.9,1326.2
30,1.5,1.45,0.4521,444,275,92,2.20,394,248,998.25,105.4,1227.95
30,1.5,1.49,0.4595,429,296,91,2.38,170,106,114.4,158.7,113.15
30,1.5,1.46,0.4714,410,290,101,2.06,468,295,2051.45,128.15,1801.9
30,1.5,1.46,0.4570,440,278,93,2.26,188,128,925.45,104.05,670.75
30,1.5,1.39,0.4619,441,276,94,2.13,212,135,168.15,193.2,216.55
30,1.5,1.47,0.4521,441,281,91,2.16,450,282,864.7,84.15,1060.05
30,1.5,1.40,0.4761,441,267,99,1.93,388,254,3777.1,156.35,3275.05
30,1.5,1.5,0.4595,434,282,94,2.34,328,221,1667.1,87.1,929.2
30,1.5,1.51,0.4397,449,277,88,2.43,296,190,616.95,193.45,811.9
30,1.5,1.41,0.4397,447,282,87,2.43,200,133,581,27.5,190.9
30,1.5,1.47,0.4422,433,294,88,2.74,306,194,2832.1,119.75,2020.85
30,1.5,1.49,0.4472,447,279,89,2.49,532,339,1498.65,136.25,1606.35
30,1.5,1.41,0.4447,458,270,88,2.57,288,187,729.65,158.85,609.1
30,1.5,1.49,0.4422,450,283,86,2.53,352,231,863.65,79.6,845.55
30,1.5,1.47,0.4690,425,280,99,2.32,256,160,722.65,169.05,511.25
30,1.5,1.42,0.4595,430,286,94,2.57,368,232,2294.9,92.4,2105.5
30,1.5,1.4,0.4619,427,287,95,1.96,232,149,1208.55,68.35,625.4
30,1.5,1.53,0.4521,452,273,90,2.37,480,302,2137,110.9,2241.1
30,1.5,1.49,0.4899,406,290,105,1.93,392,251,1721.05,100.35,1472.85
30,1.5,1.62,0.4521,434,297,88,2.15,226,135,985.7,33.05,334.1
30,1.5,1.51,0.4422,426,304,87,2.43,116,77,46.7,113.25,27.05
30,1.5,1.55,0.4447,425,300,89,2.45,384,248,7008.75,144.45,5437.75
30,1.5,1.42,0.4546,452,265,93,2.45,324,209,4173.9,81.85,2809.2
30,1.5,1.62,0.4521,431,291,91,2.23,228,141,622.65,190.1,555.5
30,1.5,1.55,0.4690,413,292,99,2,462,274,2489.2,107.8,2445.95
30,1.5,1.52,0.4595,438,275,95,2.31,194,126,461.4,58.25,137.65
30,1.5,1.52,0.4570,437,275,95,2.8,458,306,2220.75,134.75,2152.7
30,1.5,1.55,0.4521,426,296,91,2.42,244,157,348.1,184.8,201
30,1.5,1.55,0.4110,448,300,77,3.04,198,125,725.5,187.8,787.25
30,1.5,1.47,0.4497,425,296,91,2.52,464,303,2561.65,117.9,2540.55
30,1.5,1.56,0.4447,446,282,88,2.19,374,244,3019.55,152.4,2275.7
30,1.5,1.44,0.4761,432,267,102,2.48,500,324,1904.9,150.05,2000.1
30,1.5,1.43,0.4397,464,265,87,2.30,208,135,1693,75.6,860.9
30,1.5,1.45,0.4497,448,276,90,2.14,200,136,206.65,35.55,231.95
30,1.5,1.52,0.4295,452,285,83,2.73,258,179,1629.15,156.55,1316.7
30,1.5,1.47,0.4546,443,280,91,2.49,404,261,5969.95,146.65,5853.85
30,1.5,1.39,0.4690,449,256,99,2.94,226,156,3648.5,113.2,2290.45
30,1.5,1.51,0.4346,457,276,85,2.44,364,234,2991.1,62.95,1886.75
30,1.5,1.48,0.4595,437,276,95,2.42,508,333,1458.15,118.1,1268.35
30,1.5,1.45,0.4714,422,287,98,2.36,160,111,145.35,120.05,76.15
30,1.5,1.44,0.4761,432,267,102,2.25,238,139,1659.65,44.55,1784.4
30,1.5,1.40,0.4472,466,260,89,2.36,432,294,2859.75,88.25,2288.5
30,1.5,1.59,0.4447,413,309,90,2.4,284,166,1705.8,75.85,1513.5
30,1.5,1.53,0.4643,410,296,98,2.10,240,148,888.65,47.65,361.9
30,1.5,1.44,0.4690,431,286,95,1.89,202,124,1010,86.75,456
30,1.5,1.47,0.4521,430,286,93,2.29,180,117,2178.75,65.4,1315.55
30,1.5,1.51,0.4546,434,280,94,2.38,330,207,720.85,148.4,509.5
30,1.5,1.42,0.4521,462,257,92,2.55,214,149,846.1,140.3,353.35
30,1.5,1.48,0.4546,408,312,92,2.47,400,251,2740.45,130.8,2340.6
30,1.5,1.45,0.4807,416,279,104,2,246,144,565.1,135.75,194.7
30,1.5,1.58,0.4738,416,285,101,2.09,366,234,3671.2,137.7,3559.8
30,1.5,1.55,0.4422,448,285,86,2.14,264,172,737.6,81.2,224.3
30,1.5,1.56,0.4422,452,278,87,2.48,256,169,642.3,41.8,590.1
30,1.5,1.36,0.4738,435,266,101,1.95,390,264,5166.95,159.3,4382.25
30,1.5,1.59,0.4372,411,320,86,3.21,114,65,105.6,125.4,59.35
30,1.5,1.50,0.4619,437,274,96,2.22,250,159,3620.6,97.2,1805.6
30,1.5,1.39,0.4497,433,291,90,2.73,438,275,3552.3,116.55,3378.45
30,1.5,1.41,0.4372,458,273,86,2.23,494,321,1962.4,112.35,1936.1
30,1.5,1.49,0.4320,442,293,84,2.65,146,94,793.3,24.95,436.55
30,1.5,1.32,0.4521,468,251,92,2.33,406,271,3192.3,103.6,2652.6
30,1.5,1.58,0.4619,400,311,96,2.25,458,279,1216.6,156.95,1096.6
30,1.5,1.40,0.4643,448,270,94,2.31,170,113,573.95,45.75,257.15
30,1.5,1.49,0.4619,434,277,96,2.94,420,269,976.75,140.8,932.3
30,1.5,1.54,0.4619,421,293,95,2.27,176,104,429.5,195.7,498
30,1.5,1.57,0.4243,441,297,82,2.34,310,205,782.5,63.35,835.8
30,1.5,1.51,0.4546,432,285,93,2.15,260,181,428.85,49.05,456.5
30,1.5,1.41,0.4807,438,263,102,2.26,240,152,1412.5,69.5,1364.85
30,1.5,1.45,0.4667,431,279,97,2.80,360,223,1664.55,171,1273.05
30,1.5,1.47,0.4876,440,258,104,2.29,288,190,4274.2,131.6,2094.6
30,1.5,1.61,0.4521,431,285,93,2.30,242,145,2525.25,150.4,1288.9
30,1.5,1.39,0.4807,461,240,102,2.16,450,306,2431.55,90.55,2634.05
30,1.5,1.44,0.4472,467,259,89,2.31,584,385,1116.75,125,1613.25
30,1.5,1.55,0.4570,418,297,94,2.14,252,152,547.75,115.45,286.45
30,1.5,1.37,0.4447,476,246,90,2.78,172,116,2249.9,83.8,898.35
30,1.5,1.52,0.4422,453,271,89,2.45,534,363,1536.7,124.6,1676.35
30,1.5,1.54,0.4521,444,275,92,2.11,364,232,1213.4,131.05,1186.05
30,1.5,1.50,0.4690,422,280,100,2.04,342,218,5613.55,144.65,4449.15
30,1.5,1.49,0.4595,451,262,95,2.39,234,150,1149.1,101.5,315.6
30,1.5,1.45,0.4643,443,266,97,2.10,388,247,2675.6,99.6,2565.55
30,1.5,1.51,0.4595,426,290,94,2.40,334,203,971.3,149.45,868.85
30,1.5,1.56,0.4853,434,266,103,2.09,382,246,2780.1,135.45,4173.3
30,1.5,1.41,0.4422,477,250,88,2.18,194,127,1268.15,168.5,685.85
30,1.5,1.47,0.4295,435,299,84,2.76,346,223,1516.65,65.1,1164.65
30,1.5,1.51,0.4667,417,293,97,2.08,370,225,2745.9,62.7,2573.4
30,1.5,1.55,0.4472,426,300,89,2.73,450,270,3538.65,127.55,3218.1
30,1.5,1.40,0.4295,466,268,84,2.30,422,277,3533.9,105.8,3644.15
30,1.5,1.45,0.4690,426,282,98,2.73,292,183,291.45,52.3,353.9
30,1.5,1.55,0.4546,436,284,92,2.11,318,194,265,119.25,301.55
30,1.5,1.57,0.4497,415,306,91,2.05,188,113,1491.45,55.2,829.9
30,1.5,1.47,0.4447,442,280,90,2.29,326,199,1380.95,185.15,931.35
30,1.5,1.39,0.4714,455,254,98,2.24,422,284,2594,93,1552.9
30,1.5,1.49,0.4570,442,273,94,2.10,380,247,636.7,77.4,791.5
30,1.5,1.50,0.4595,436,277,95,2.05,244,154,6463.25,95.6,5360.95
30,1.5,1.45,0.4738,412,289,101,2.63,148,97,514,200,700.9
30,1.5,1.49,0.4372,462,269,86,2.41,398,265,1029.15,162.4,1056.3
30,1.5,1.48,0.4619,434,277,96,2.84,332,211,1681.2,144.4,1531.8
30,1.5,1.35,0.4784,446,254,102,2.13,248,168,1376.9,199.4,1575.4
30,1.5,1.59,0.4295,434,303,83,2.48,274,184,272.9,185.55,361.95
30,1.5,1.52,0.4521,459,269,89,2.07,216,144,689.45,173,396.4
30,1.5,1.59,0.4521,441,278,92,2.30,362,233,3656.25,146.9,2806.1
30,1.5,1.44,0.4397,443,286,87,2.48,438,284,1238.15,135.5,1143.7
30,1.5,1.46,0.4830,430,263,105,2.19,230,157,631.35,40.6,660.15
30,1.5,1.41,0.4269,461,275,83,2.47,384,250,2552.55,159.3,1950.4
30,1.5,1.48,0.4643,427,285,96,2.35,372,254,1839,77.55,1235
30,1.5,1.53,0.4346,443,293,84,2.60,300,197,1373.45,76.05,1683.05
30,1.5,1.44,0.4714,437,266,100,2.45,470,316,1753.7,122,1046.35
30,1.5,1.46,0.4372,447,281,87,2.59,292,179,1514.95,139.4,895.15
30,1.5,1.46,0.4643,431,278,97,2,142,75,56,84.65,30.4
30,1.5,1.5,0.4472,426,294,91,2.41,182,113,714.4,43.6,935.55
30,1.5,1.47,0.4521,460,262,91,2.22,354,236,303.1,168.3,316.75
30,1.5,1.55,0.4546,430,287,93,2.51,310,198,1483.1,132.35,1032.85
30,1.5,1.50,0.4546,437,280,93,2.59,402,255,3360.65,82.5,2270.25
30,1.5,1.53,0.4643,435,283,94,2.53,350,210,4444.95,126.45,2777.8
30,1.5,1.57,0.4690,420,285,99,2.29,418,270,4108.75,155.05,4917.6
30,1.5,1.48,0.4643,421,285,98,2.12,442,275,2401.05,78.2,2067.3
30,1.5,1.50,0.4619,415,299,95,2.18,230,137,252,77.05,239.75
30,1.5,1.53,0.4521,431,285,93,2.19,316,197,1082.15,67.2,634.05
30,1.5,1.46,0.4619,435,276,96,2.07,166,106,194.4,164.2,66.75
30,1.5,1.49,0.4472,434,292,89,2.52,130,89,131.25,24.35,74.9
30,1.5,1.46,0.4320,473,259,85,2.39,262,177,318.9,194.45,317.85
30,1.5,1.39,0.4643,471,235,98,2.26,176,117,78.35,175.7,38.95
30,1.5,1.58,0.4876,413,276,107,2.13,208,134,245.6,30.7,63.3
30,1.5,1.54,0.4346,439,291,86,2.74,464,300,1475.25,99.35,1371.1
30,1.5,1.56,0.4595,418,292,96,2.5,486,308,780.1,107.35,941.55
30,1.5,1.52,0.4397,456,273,87,2.20,226,141,151.3,59.1,131.4
30,1.5,1.48,0.4595,434,282,94,2.27,162,120,333.55,26.45,114.15
30,1.5,1.52,0.4216,451,289,81,3.25,454,292,990.05,133.15,1208.85
30,1.5,1.43,0.4784,463,240,101,1.98,158,111,168.55,213,213.75
30,1.5,1.48,0.4738,428,273,101,2.08,234,149,371.3,40.9,226.55
30,1.5,1.46,0.4320,448,284,85,2.34,310,207,1132.05,69.3,1120.3
30,1.5,1.52,0.4472,425,298,90,2.54,232,140,408.4,34.35,411.8
30,1.5,1.51,0.4472,449,274,90,2.61,286,179,2206.65,177.7,2239.8
30,1.5,1.47,0.4570,430,285,94,2.38,258,169,720.9,64.45,1135.95
30,1.5,1.50,0.4570,420,295,94,2.45,270,168,1419.05,176.2,1793.5
30,1.5,1.49,0.4738,419,288,99,2.12,452,295,1394.3,106.6,1082.85
30,1.5,1.54,0.4346,441,295,84,2.43,356,225,1226.7,81.3,1005.75
30,1.5,1.44,0.4422,437,290,88,2.51,290,182,547.75,70.45,477.3
30,1.5,1.56,0.4643,417,292,97,2.22,342,208,7597.35,92.3,7029.25
30,1.5,1.40,0.4619,445,269,95,1.92,402,264,1841.1,62.15,1725.8
30,1.5,1.41,0.4422,465,262,88,3.42,282,181,2364.95,86.8,2483.2
30,1.5,1.46,0.4346,452,278,86,2.73,218,128,314.5,199.45,401.85
30,1.5,1.46,0.4372,437,291,87,2.37,458,283,2025.35,131.3,2398.2
30,1.5,1.48,0.4472,430,290,91,2.36,480,303,1321.1,140.15,1447.3
30,1.5,1.49,0.4216,466,280,79,2.94,484,317,1541.5,101.3,1473.7
30,1.5,1.57,0.4521,437,285,91,2.78,172,105,1419,31.75,553.45
30,1.5,1.49,0.4643,430,279,97,2.94,236,145,428.35,179.1,485.85
30,1.5,1.47,0.4521,436,283,92,2.17,314,206,1562.45,73.8,1899.25
30,1.5,1.45,0.4667,438,269,98,2.37,352,233,1265.45,108.35,723.85
30,1.5,1.43,0.4738,423,278,101,1.84,190,112,1853.35,161.3,435.55
30,1.5,1.52,0.4472,445,278,90,2.51,232,148,3653.6,186.8,2254.15
30,1.5,1.59,0.4447,420,305,89,2.60,354,225,1949.35,130.1,2184.85
30,1.5,1.53,0.4570,428,290,93,2.38,400,261,3340.4,135.15,3358.25
30,1.5,1.45,0.4497,455,263,92,2.20,404,264,1123.15,153.5,937.7
30,1.5,1.42,0.4472,463,257,91,2.22,330,214,372.65,177.7,429.75
30,1.5,1.52,0.4521,439,283,91,2.23,488,303,2714.8,87.6,3109.15
30,1.5,1.51,0.4397,425,301,88,2.48,382,236,1604.6,89.95,1022.95
30,1.5,1.45,0.4619,427,284,96,2.28,210,132,419.25,97,219.6
30,1.5,1.51,0.4595,405,308,95,1.99,388,231,1584.15,148.8,1513.15
30,1.5,1.49,0.4643,447,259,98,2.65,332,218,1848.5,90.65,2325.55
30,1.5,1.41,0.4595,444,266,96,2.06,446,291,3144.1,122.55,2972.75
30,1.5,1.45,0.4472,446,274,91,2.24,290,184,429.8,172.45,385.4
30,1.5,1.43,0.4784,441,256,103,2.06,404,273,584.45,146.5,789.25
30,1.5,1.47,0.4595,427,292,93,2.28,336,208,1982.9,65.7,2381
30,1.5,1.46,0.4595,428,288,94,2.60,204,135,153.2,154.3,160.7
30,1.5,1.45,0.4447,426,296,90,2.42,418,265,1848.9,114.45,936.65
30,1.5,1.47,0.4619,442,272,95,2.51,494,324,1625.3,97.65,1172.75
30,1.5,1.57,0.4472,439,284,90,2.28,406,260,3522,93.3,3218.65
30,1.5,1.58,0.4546,432,285,93,2.08,280,181,1076.75,78.3,1226.35
30,1.5,1.62,0.4595,409,310,93,2.37,364,217,3640.55,123.4,3009.5
30,1.5,1.46,0.4190,484,258,80,2.75,252,168,1390.4,36.75,1055.05
30,1.5,1.44,0.4243,445,293,82,2.96,274,181,840.9,65.45,936.6
30,1.5,1.42,0.4447,467,258,89,2.36,178,117,1791.7,170.75,812.35
30,1.5,1.51,0.4761,434,277,98,2.08,496,327,1631.95,93.65,1952.1
30,1.5,1.54,0.4619,435,276,96,2.08,466,297,1281.85,141.35,1403.25
30,1.5,1.48,0.4422,444,283,88,2.06,430,266,1709.45,151.7,1669.8
30,1.5,1.46,0.4243,463,278,81,2.88,366,233,669.2,161.75,581.4
30,1.5,1.51,0.4667,442,268,97,1.95,188,115,200.5,112.45,78.4
30,1.5,1.46,0.4497,453,265,92,2.65,354,228,3771.3,60.75,3014.35
30,1.5,1.53,0.4397,445,287,86,2.44,318,203,2549.25,110.45,1481.5
30,1.5,1.41,0.4667,438,275,96,2.34,324,206,743.45,142.75,628.5
30,1.5,1.36,0.4643,461,248,97,2.23,204,146,156.5,108.55,215.4
30,1.5,1.41,0.4690,440,271,97,2.32,236,155,1493.65,137.75,629.75
30,1.5,1.49,0.4643,430,279,97,2.21,160,101,802,55.65,384.9
30,1.5,1.34,0.4761,448,251,102,1.89,448,301,1231.5,91.2,1367.2
30,1.5,1.48,0.4447,440,285,89,2.27,384,239,5321.5,105.35,3842.05
30,1.5,1.38,0.4761,442,260,101,2.33,376,260,2475.9,123.9,2941.9
30,1.5,1.53,0.4320,445,290,84,2.29,440,275,2275.15,150.55,1323.8
30,1.5,1.54,0.4570,414,298,95,2.63,184,113,344.95,201.1,343.75
30,1.5,1.36,0.4570,450,265,94,2.5,314,205,1533.85,69.75,836.9
30,1.5,1.49,0.4397,430,296,88,2.64,364,225,5669.95,87.45,6483.7
30,1.5,1.45,0.4714,428,272,101,2.12,278,180,3589.55,147.15,2442.2
30,1.5,1.42,0.4546,451,266,93,2.23,250,161,1489.5,156.35,860.95
30,1.5,1.45,0.4714,417,283,101,2.16,132,81,249.8,25.2,237
30,1.5,1.52,0.4320,446,292,83,2.39,378,233,1701.6,114.75,1235.85
30,1.5,1.36,0.4472,435,285,91,2.44,436,288,4184.5,123.9,3544.05
30,1.5,1.47,0.4667,435,275,97,2.10,216,136,217.35,139.9,104.55
30,1.5,1.44,0.4667,443,270,96,2.27,230,153,102.7,35.6,155.05
30,1.5,1.6,0.4447,421,304,89,2.72,354,219,730.75,162.55,693.85
30,1.5,1.47,0.4761,410,292,101,2.23,162,100,392.5,157.15,603.05
30,1.5,1.61,0.4110,441,310,76,3.30,430,278,1386.75,135.1,1215.8
30,1.5,1.45,0.4714,429,277,99,2.26,240,158,1318.25,69.2,1033.3
30,1.5,1.46,0.4690,443,271,96,2.26,374,230,3471.75,62.6,1773.35
30,1.5,1.57,0.4397,432,303,85,2.39,152,95,266.05,184.95,204.75
30,1.5,1.48,0.4595,431,288,93,2.77,286,176,3283.35,106.3,1804.2
30,1.5,1.51,0.4521,422,294,93,2.56,318,201,568.3,118.55,442.1
30,1.5,1.46,0.4472,445,281,89,2.46,356,223,3435.5,100.8,1952.2
30,1.5,1.52,0.4521,408,308,93,2.14,356,213,5506.25,68.35,4410.8
30,1.5,1.54,0.4521,424,298,91,2.71,248,152,1732.3,100.1,681.7
30,1.5,1.41,0.4521,443,273,93,2.43,452,296,2235.6,141.2,2176.75
30,1.5,1.51,0.4422,447,280,88,2.73,276,174,480.45,64.3,327.25
30,1.5,1.52,0.4397,439,287,88,2.45,256,153,4212.95,112,2807.2
30,1.5,1.49,0.4422,449,278,88,2.44,256,172,496.55,59.35,745.15
30,1.5,1.59,0.4372,432,299,86,2.20,432,262,1094.55,146.45,1167.3
30,1.5,1.50,0.4690,416,295,97,2.25,520,331,1246.45,114.85,1307.4
30,1.5,1.42,0.4690,429,279,98,2.12,450,284,1487.55,107.85,1046.25
30,1.5,1.42,0.4472,452,271,90,2.24,494,330,2774.25,145.35,2273.75
30,1.5,1.50,0.4243,428,310,82,3.10,248,141,1475.4,49.55,1539.8
30,1.5,1.56,0.4643,413,296,97,2.54,224,145,443.3,102.3,236.9
30,1.5,1.58,0.4546,412,311,91,2.27,458,284,3507.05,136.4,1907.8
30,1.5,1.59,0.4320,448,293,82,2.30,528,340,1195.3,127.45,1045
30,1.5,1.3,0.4714,443,260,100,2.06,396,261,3118.75,100.3,3518.75
30,1.5,1.5,0.4690,426,279,99,2.04,412,264,2324.2,106.8,1931.25
30,1.5,1.57,0.4761,414,288,101,2.09,294,192,1720.1,107.4,1390
30,1.5,1.46,0.4784,424,279,101,2.06,384,242,3918.95,152.9,3077.45
30,1.5,1.45,0.4346,457,273,86,2.36,256,165,556.4,47.85,569.35
30,1.5,1.54,0.4570,417,301,93,2.38,448,274,2357.2,87.75,3023.3
30,1.5,1.52,0.4546,427,296,91,2.26,154,90,1922.75,20.5,838.5
30,1.5,1.39,0.4714,425,275,101,2.16,326,218,584.15,71.05,362.65
30,1.5,1.44,0.4619,457,254,96,2.26,304,208,2476.85,61.1,1387.5
30,1.5,1.63,0.4372,425,303,87,3.66,272,159,1928.65,55.75,2147.05
30,1.5,1.54,0.4422,439,288,88,2.75,168,105,580.9,186.65,179.7
30,1.5,1.39,0.4876,440,264,102,2,184,118,731.8,35.2,868.6
30,1.5,1.43,0.4422,449,281,87,2.62,444,275,2734.15,126.45,2932.5
30,1.5,1.43,0.4690,440,268,98,2.26,272,187,456.5,143.55,489.95
30,1.5,1.48,0.4714,423,283,99,2.16,298,189,5309.4,133.2,4426.95
30,1.5,1.51,0.4497,459,259,92,2.72,262,173,2118.45,152.5,1591.2
30,1.5,1.51,0.4497,422,299,91,2.43,222,133,1013.7,50.6,1379.6
30,1.5,1.51,0.4714,426,274,101,1.89,392,256,1498,126.25,1032.5
30,1.5,1.35,0.4570,469,243,95,2.02,244,154,333.95,46.95,536.05
30,1.5,1.46,0.4619,435,276,96,1.95,314,210,4585.95,115.05,4847.1
30,1.5,1.37,0.4521,468,251,92,2.21,268,184,593.65,59.45,735.9
30,1.5,1.45,0.4595,470,246,94,2.18,434,290,4640.15,102.15,3473.1
30,1.5,1.42,0.4570,454,264,93,2.18,232,149,1023.6,149.7,674.7
30,1.5,1.48,0.4472,440,286,89,2.43,394,239,2016.15,108.15,1479.15
30,1.5,1.53,0.4546,432,285,93,2.20,458,293,1279.95,140.6,586.3
30,1.5,1.49,0.4320,430,302,85,2.48,140,89,254.35,119.5,130
30,1.5,1.44,0.4472,433,287,91,2.22,388,250,3076.65,73.5,3517.15
30,1.5,1.39,0.4595,439,271,96,2.14,356,231,791.1,144.55,824.95
30,1.5,1.51,0.4422,438,289,88,2.32,454,281,739.1,135.95,693.3
30,1.5,1.50,0.4667,427,286,96,1.94,262,167,937.55,71,514.8
30,1.5,1.35,0.4346,468,262,86,2.73,316,208,2161.5,53.8,1311.25
30,1.5,1.50,0.4619,436,278,95,2.54,318,197,3713.65,138.25,2712.95
30,1.5,1.49,0.4546,434,283,93,2.19,274,170,2976.55,122.1,1352.35
30,1.5,1.41,0.4643,439,273,96,2.86,318,218,8208.6,70.05,6878.5
30,1.5,1.43,0.4714,432,274,99,2.24,492,315,818.25,97.65,1077.15
30,1.5,1.57,0.4546,429,288,93,2.14,272,181,145.25,170.7,121.2
30,1.5,1.45,0.4643,439,276,95,2.52,354,223,4030.2,117.2,2496.4
30,1.5,1.44,0.4546,461,256,93,2.53,224,168,808.3,142.45,924.5
30,1.5,1.47,0.4570,442,276,93,2.11,344,218,969.95,144.45,1395.15
30,1.5,1.51,0.4643,417,289,98,2.35,360,223,2862.05,96.45,1888.6
30,1.5,1.52,0.4447,429,293,90,2.57,336,200,974.8,147.65,998.35
30,1.5,1.43,0.4243,442,296,82,2.79,446,267,540.15,85.85,667.45
30,1.5,1.53,0.4269,427,309,83,2.73,484,297,1335.9,104.5,1366.95
30,1.5,1.43,0.4619,438,276,95,2.06,304,195,2025.5,167.25,1484.6
30,1.5,1.42,0.4472,442,281,90,2.57,378,250,5007.85,65.05,3991.75
30,1.5,1.47,0.4295,450,287,83,2.75,456,291,2771.8,91.55,3057.6
30,1.5,1.46,0.4738,420,284,100,2.11,246,166,581.2,51.65,490.2
30,1.5,1.60,0.4082,442,311,75,4.16,278,176,2040.75,109.7,883.45
30,1.5,1.36,0.4667,447,263,97,2.28,246,163,1038.3,141.3,511.55
30,1.5,1.5,0.4447,455,270,89,2.35,456,298,3073.3,132.9,3169.25
30,1.5,1.40,0.4472,447,276,90,2.37,398,260,2398.15,127.55,2365.4
30,1.5,1.58,0.4346,436,297,85,2.56,422,271,1896.6,126.3,1244.45
30,1.5,1.38,0.4497,464,263,89,2.24,468,316,1485.2,91.15,715.05
30,1.5,1.42,0.4595,453,269,92,3,94,60,88.2,83.8,17.95
30,1.5,1.53,0.4372,442,286,87,2.41,344,220,2428.2,167.8,1149.55
30,1.5,1.43,0.4397,458,271,87,2.30,360,227,415.1,177.1,302.8
30,1.5,1.53,0.4619,445,269,95,2.17,310,189,704.3,154.65,777.6
30,1.5,1.54,0.4447,428,294,90,2.3,290,178,1034.15,160.85,762.65
30,1.5,1.61,0.4447,430,298,88,2.28,144,92,176.8,210.9,411.35
30,1.5,1.48,0.4346,442,288,86,2.65,358,224,705.9,61.15,968.85
30,1.5,1.42,0.4570,440,272,95,2.23,242,157,1901.5,161.85,1266.65
30,1.5,1.46,0.4570,426,286,95,2.18,388,247,919.15,78.2,518.45
30,1.5,1.42,0.4667,444,266,97,2.22,404,266,1454,81.8,936.75
30,1.5,1.50,0.4447,439,283,90,2.36,486,308,3416.7,139.25,3156.9
30,1.5,1.56,0.4397,412,314,88,2.44,468,274,1621.65,125.15,1814.75
30,1.5,1.40,0.4472,451,269,91,2.42,238,160,389.9,46,476.15
30,1.5,1.47,0.4497,431,290,91,2.53,298,193,2200.8,67.55,2126.85
30,1.5,1.39,0.4472,443,277,91,2.74,326,216,5899.95,77.4,3715.95
30,1.5,1.51,0.4472,432,294,89,2.13,158,98,58.75,26.3,35.3
30,1.5,1.47,0.4497,439,285,90,2.31,232,138,2402.6,179.55,2639.15
30,1.5,1.65,0.4497,415,306,91,2.71,236,139,954.7,166.9,1118.1
30,1.5,1.59,0.4269,435,301,83,2.67,394,251,1790.95,140.95,1734.9
30,1.5,1.50,0.4422,431,293,89,2.47,250,155,3952.55,93.25,2668.7
30,1.5,1.45,0.4784,444,256,102,1.88,310,204,1569.6,94.4,835.5
30,1.5,1.40,0.4595,459,254,95,2.26,256,170,391.9,69.05,196.55
30,1.5,1.57,0.4295,449,288,83,2.88,224,132,1478.1,55.3,832.35
30,1.5,1.66,0.4447,410,312,90,2.72,246,138,1207.45,183.8,1206.8
30,1.5,1.43,0.4761,427,281,99,2.70,220,140,1024.35,53.35,824.4
30,1.5,1.50,0.4595,441,272,95,2.37,232,155,699.05,45.65,843.75
30,1.5,1.47,0.4243,442,296,82,2.67,216,135,1972.5,103.4,892.2
30,1.5,1.49,0.4690,432,282,96,2.25,148,90,309,204.6,248.65
30,1.5,1.53,0.4546,461,268,89,2.39,322,213,4699.25,105.5,4118.8
30,1.5,1.60,0.4521,427,292,92,2.32,438,284,1051.15,147.2,827.4
30,1.5,1.54,0.4521,415,301,93,2.38,288,181,936.1,167.4,761.55
30,1.5,1.46,0.4667,446,264,97,2.61,328,222,4171,105.75,2728.05
30,1.5,1.6,0.4497,452,272,90,2.44,468,313,2183.15,124.3,2314.45
30,1.5,1.44,0.4667,430,286,95,2.2,296,191,4348.15,104,2174.95
30,1.5,1.44,0.4738,425,285,98,2.12,238,148,792.35,173.4,679.3
30,1.5,1.42,0.4643,446,266,96,2.26,272,178,4055.65,170.7,4910.4
30,1.5,1.47,0.4876,416,276,106,2.15,174,104,279.7,30.35,482.55
30,1.5,1.47,0.4346,476,260,84,2.54,336,238,330.1,95.4,502.35
30,1.5,1.54,0.4497,438,286,90,2.44,146,101,379.45,200.8,557.65
30,1.5,1.58,0.4497,414,304,92,2.33,420,258,1159.1,85.05,1393.4
30,1.5,1.51,0.4320,445,287,85,2.31,346,228,348.3,171.9,323.15
30,1.5,1.52,0.4521,438,278,93,2.59,326,198,461.55,185,346.6
30,1.5,1.48,0.4472,427,296,90,2.24,136,87,776.15,60,278.75
30,1.5,1.45,0.4422,469,258,88,2.26,180,126,364.25,176.15,514.05
30,1.5,1.53,0.4422,447,280,88,2.68,208,133,433.3,105.15,211.85
30,1.5,1.45,0.4372,449,279,87,2.46,390,250,1599.65,159.55,1019.45
30,1.5,1.45,0.4667,420,293,96,2.34,272,175,1844.1,187.1,869.3
30,1.5,1.53,0.4546,429,285,94,2.23,440,274,2066.05,96.5,2549.55
30,1.5,1.51,0.4320,456,279,84,2.74,94,50,21.3,48.25,30.05
30,1.5,1.57,0.4497,417,304,91,2.15,326,204,3381.55,125.8,3277.1
30,1.5,1.47,0.4472,462,261,90,2.09,270,179,1449.75,158,844
30,1.5,1.44,0.4447,463,259,90,2.91,258,169,567.95,185.45,599.65
30,1.5,1.43,0.4521,454,271,90,2.48,214,142,246.4,109.9,116.05
30,1.5,1.61,0.4497,440,284,90,2.37,256,161,3547,48.85,1823.4
30,1.5,1.46,0.4497,435,283,92,2.22,228,143,569.6,186.7,561.95
30,1.5,1.48,0.4472,457,266,90,2.44,196,136,826.05,28.75,437
30,1.5,1.48,0.4447,436,292,88,2.60,110,74,179.95,73.6,62.35
30,1.5,1.48,0.4643,418,288,98,2.56,376,230,4877.1,166.25,4368.15
30,1.5,1.49,0.4472,421,299,91,2.20,172,100,101.95,25.05,196.25
30,1.5,1.60,0.4714,422,284,99,2.03,396,246,2110.65,118.35,2115
30,1.5,1.52,0.4738,426,278,100,1.97,220,146,273.65,89.85,193.6
30,1.5,1.39,0.4738,437,267,100,2.07,348,227,1229.05,78.65,1269.9
30,1.5,1.57,0.4447,447,275,90,2.3,332,216,3261.6,100.4,1931.35
30,1.5,1.46,0.4320,448,284,85,2.8,424,267,5256.65,83.55,6147
30,1.5,1.58,0.4761,435,270,100,2.06,374,246,451.45,149.55,486.8
30,1.5,1.52,0.4570,422,296,93,2.29,480,310,2259.45,128.3,2523.25
30,1.5,1.52,0.4472,423,303,89,2.73,132,81,623.6,198.05,498.45
30,1.5,1.56,0.4619,431,286,94,2.17,402,246,378.85,96.75,437.9
30,1.5,1.63,0.4447,428,297,89,2.54,156,94,181.75,205.6,280.15
30,1.5,1.48,0.4876,440,255,105,2,214,151,752.65,203.8,357.8
30,1.5,1.54,0.4521,421,295,93,2.40,328,210,370.35,63.1,246
30,1.5,1.42,0.4690,432,276,98,2.32,316,201,228.35,186.25,285.6
30,1.5,1.47,0.4667,434,270,99,2.64,434,283,3514.95,128.25,3738.85
30,1.5,1.41,0.4807,424,274,103,2.12,314,197,3604.2,104.1,1740.2
30,1.5,1.42,0.4619,452,262,95,2.2,346,232,416.85,63.7,626.9
30,1.5,1.51,0.4570,456,259,94,2.18,326,212,2406.95,121.4,2743.35
30,1.5,1.52,0.4546,437,277,94,1.91,240,156,469.75,194.65,319.45
30,1.5,1.46,0.4472,446,277,90,2.61,334,221,4358.25,135.65,2526.15
30,1.5,1.45,0.4497,440,281,91,2.22,176,111,608.4,108.2,188.6
30,1.5,1.50,0.4397,445,281,88,2.84,328,218,5477.35,149.7,4409.8
30,1.5,1.43,0.4643,420,295,95,2.26,262,162,1835.1,125.35,742.05
30,1.5,1.43,0.4521,427,295,91,2.76,370,225,2593.55,116.1,2813.55
30,1.5,1.49,0.4269,443,296,82,2.55,158,101,160.25,23.45,214.15
30,1.5,1.47,0.4269,439,297,83,2.41,232,147,1401.95,61.9,617.8
30,1.5,1.57,0.4570,430,294,91,2.41,370,220,2044.15,169.7,1794.9
30,1.5,1.37,0.4619,445,263,97,3.03,434,295,3266.1,111.9,3212.95
30,1.5,1.46,0.4497,450,271,91,2.18,422,277,1726.25,85.75,1396.45
30,1.5,1.42,0.4521,423,296,92,2.72,250,162,1750.45,73.85,2309.95
30,1.5,1.48,0.4243,450,294,80,2.93,208,126,1074.35,70.5,993.75
30,1.5,1.50,0.4397,457,272,87,2.57,218,142,898,34.7,494.15
30,1.5,1.52,0.4269,435,301,83,2.53,446,270,851.25,92.6,536.2
30,1.5,1.52,0.4570,438,277,94,2.33,220,136,973.75,58.7,781.05
30,1.5,1.49,0.4497,433,288,91,2.37,398,245,4022.95,63.4,4426.05
30,1.5,1.39,0.4784,417,280,103,2.24,302,194,449.9,130,632.35
30,1.5,1.47,0.4714,439,264,100,2.2,216,130,333.25,43.4,457.9
30,1.5,1.36,0.4422,443,281,89,2.37,298,195,598.15,88.7,504.25
30,1.5,1.43,0.4714,434,275,98,2.17,412,269,3486.95,89.1,2050.8
30,1.5,1.34,0.4784,449,251,102,2.16,212,142,117.1,204.1,184.25
30,1.5,1.49,0.4643,421,291,96,2.33,198,117,1292.45,119.85,519.25
30,1.5,1.44,0.4714,428,275,100,2.23,158,104,96.4,106.95,112.15
30,1.5,1.48,0.4546,457,272,89,2.42,484,309,2032.05,109.55,1390.55
30,1.5,1.59,0.4447,416,309,89,2.16,290,173,3933.3,123.25,2599.2
30,1.5,1.39,0.4595,447,263,96,2.07,190,123,120.15,32.95,219.95
30,1.5,1.57,0.4269,468,268,83,2.57,220,145,374.55,42.25,350.25
30,1.5,1.43,0.4667,423,284,98,2.10,468,305,1772.75,120.25,2014.25
30,1.5,1.48,0.4447,430,295,89,2.62,306,194,823.1,55.1,531.95
30,1.5,1.44,0.4546,440,277,93,2.23,448,298,1364.7,136.2,1891.8
30,1.5,1.57,0.4667,450,263,96,2.03,340,227,1017.75,77.95,917.2
30,1.5,1.55,0.4472,421,299,91,2.30,252,151,187.65,44.95,287.9
30,1.5,1.58,0.4397,442,290,86,2.53,504,327,2137.3,116.7,2876.15
30,1.5,1.51,0.4595,421,292,95,2.39,422,266,2703.95,155.65,3339.6
30,1.5,1.48,0.4619,457,257,95,2.04,478,326,2719.2,112.6,2690.1
30,1.5,1.44,0.4372,458,270,87,2.37,188,128,547.3,134.7,293.05
30,1.5,1.49,0.4738,424,283,99,2.11,326,208,634.15,63.05,471.85
30,1.5,1.47,0.4595,447,263,96,2.19,372,238,3360.35,71.75,4027.45
30,1.5,1.38,0.4807,434,264,103,2.23,236,158,214.65,40.5,274.4
30,1.5,1.56,0.4346,446,284,86,2.34,276,175,2686.1,144.45,1981.15
30,1.5,1.49,0.4643,420,289,97,2.35,334,207,2979.35,100,2171.75
30,1.5,1.59,0.4422,459,274,86,2.58,254,169,707.9,128,341.35
30,1.5,1.45,0.4714,418,288,99,2.16,364,236,2119.8,90.85,1822.1
30,1.5,1.43,0.4372,452,279,86,2.17,212,128,964.05,137.1,297.85
30,1.5,1.52,0.4643,404,314,94,2.73,310,192,771.95,85.55,749.45
30,1.5,1.45,0.4243,449,289,82,3.76,154,93,71.4,91.15,45.1
30,1.5,1.54,0.4320,454,281,84,2.63,198,113,225.55,182,264.35
30,1.5,1.44,0.4667,433,271,99,2.19,376,239,1329.45,110.5,1705.65
30,1.5,1.44,0.4372,449,282,86,2.47,378,249,942.5,153.85,578.5
30,1.5,1.44,0.4447,424,301,89,2.36,302,175,1187.45,66.15,1286.3
30,1.5,1.55,0.4690,423,282,99,2.22,146,91,462.75,197.1,366.1
30,1.5,1.56,0.4243,438,300,82,3.5,214,137,283.95,199.15,390.15
30,1.5,1.62,0.4422,433,297,87,2.47,174,107,1022.55,138.7,730.95
30,1.5,1.43,0.4447,458,264,90,2.84,356,244,1971.95,98,1968.1
30,1.5,1.49,0.4447,427,298,89,2.33,294,191,721.55,150.75,805.8
30,1.5,1.46,0.4570,414,304,93,2.13,384,235,1008.95,84.8,1052.85
30,1.5,1.56,0.4447,442,283,89,2.08,446,274,2870.7,89.55,2634.5
30,1.5,1.41,0.4619,444,267,96,2.14,308,211,1547.2,85.2,1301.5
30,1.5,1.37,0.4643,452,260,96,2.65,298,187,5246.35,156.35,4166.8
30,1.5,1.57,0.4447,434,291,89,2.57,364,226,951.3,170.25,1271.95
30,1.5,1.43,0.4761,430,278,99,2.06,332,211,1595.3,89.35,961.85
30,1.5,1.56,0.4619,436,284,93,2.56,468,290,2847.45,118.75,3080.5
30,1.5,1.50,0.4521,432,287,92,2.52,320,199,1934,53.15,1773.6
30,1.5,1.47,0.4570,429,286,94,2.68,422,265,2439.85,164.45,2259.85
30,1.5,1.49,0.4521,429,290,92,2.45,160,101,284.75,28.35,394.7
30,1.5,1.45,0.4472,442,281,90,2.5,226,148,761.5,57.2,698.35
30,1.5,1.46,0.4295,437,300,83,2.77,222,133,302.45,201.25,241.35
30,1.5,1.41,0.4643,447,265,96,2.5,216,143,495.5,155.45,547.15
30,1.5,1.33,0.4570,446,266,95,2.31,404,264,5085.4,153.45,4227.85
30,1.5,1.51,0.4761,421,278,102,2.03,350,222,524.25,153.6,514.85
30,1.5,1.46,0.4738,418,283,101,2.23,342,213,2029.15,81.65,2414.15
30,1.5,1.45,0.4667,451,256,98,2.15,390,250,4060,114.95,2401.4
30,1.5,1.36,0.4922,448,243,107,2.49,312,210,3105.6,160.3,2385.8
30,1.5,1.51,0.4521,428,294,91,1.99,216,132,478.25,145.85,147.7
30,1.5,1.56,0.4422,441,286,88,2.31,262,168,891.1,159.2,937.6
30,1.5,1.33,0.4570,475,243,93,2.17,428,301,3401.2,101.7,3821.65
30,1.5,1.44,0.4320,438,294,85,2.14,244,161,609.95,174.3,280.85
30,1.5,1.53,0.4320,452,280,85,2.84,172,119,672.5,126.25,399.55
30,1.5,1.51,0.4472,421,302,90,2.6,300,191,1166.1,125.55,1521.4
30,1.5,1.49,0.4320,438,294,85,2.86,288,175,5482.15,105.1,2929.15
30,1.5,1.58,0.4346,446,290,84,2.58,302,183,1908.35,79.85,1349.3
30,1.5,1.64,0.4619,399,309,97,2.18,294,169,1029.5,50.85,570.15
30,1.5,1.42,0.4784,438,259,103,1.79,194,134,119.05,146.25,180.35
30,1.5,1.50,0.4619,410,304,95,2.39,366,223,1515.95,142.5,1432.5
30,1.5,1.46,0.4690,430,278,98,2.10,138,78,1273.4,39.35,368.4
30,1.5,1.54,0.4346,441,295,84,2.74,184,110,1512.4,73.2,1583.9
30,1.5,1.42,0.4521,432,287,92,2.02,496,329,1901.75,127.55,1807.25
30,1.5,1.45,0.4667,449,264,96,2.31,436,289,2819.9,119.35,4100
30,1.5,1.49,0.4595,452,267,93,2.28,454,295,1780.7,110.1,1506.5
30,1.5,1.65,0.4497,420,304,90,2.71,200,112,414.9,35.3,152.25
30,1.5,1.48,0.4643,447,268,95,2.15,452,297,2418.95,124.55,1655.45
30,1.5,1.41,0.4546,446,274,92,2.20,304,199,3256.2,105.15,3710.1
30,1.5,1.66,0.4619,416,298,95,2.28,214,124,217.75,176.65,117.55
30,1.5,1.45,0.4269,451,288,82,2.91,360,226,1797.85,98.9,1486.1
30,1.5,1.40,0.4521,431,288,92,2.30,374,242,892.55,69.6,1030.65
30,1.5,1.55,0.4738,421,277,102,2.57,260,159,1953,57.6,1135.75
30,1.5,1.44,0.4690,441,264,99,1.99,462,292,2812.75,162.75,2975.45
30,1.5,1.48,0.4320,477,258,84,2.51,304,202,253.95,127.1,197.75
30,1.5,1.53,0.4521,443,285,89,2.36,302,192,601.05,65.5,383.5
30,1.5,1.54,0.4346,457,276,85,2.4,484,311,2377.75,118.4,1971.6
30,1.5,1.55,0.4269,436,300,83,2.78,166,94,727.05,67.45,419.2
30,1.5,1.41,0.4521,450,266,93,2.22,332,215,633.3,157.2,332.65
30,1.5,1.42,0.4595,446,270,94,1.90,460,298,528.05,142.8,646.5
30,1.5,1.42,0.4497,441,280,91,2.40,474,313,2126.25,111.3,2328.45
30,1.5,1.47,0.4546,443,271,94,2.16,158,101,841,28.05,405.65
30,1.5,1.47,0.4784,423,286,99,2.20,262,173,598.85,65.1,589.6
30,1.5,1.48,0.4570,438,274,95,1.88,284,175,1524.9,39.35,1155
30,1.5,1.41,0.4643,430,282,96,2.17,212,126,618.4,191.95,512.65
30,1.5,1.54,0.4546,421,299,92,2.29,438,274,3309.85,109.75,3561.65
30,1.5,1.44,0.4447,426,299,89,2.35,192,121,228.3,40.65,252.4
30,1.5,1.44,0.4497,449,269,92,2.28,302,194,1730.35,150,1531.2
30,1.5,1.57,0.4619,400,311,96,2.29,390,233,1815.6,130,2111.1
30,1.5,1.42,0.4690,451,254,99,2.21,256,167,432.7,177.8,344.65
30,1.5,1.37,0.4595,437,276,95,2.13,352,236,1268.8,159,1500.1
30,1.5,1.53,0.4521,442,283,90,2.52,266,170,1485,98.6,1050.5
30,1.5,1.44,0.4521,414,302,93,2.30,230,148,778.45,78.35,385.05
30,1.5,1.68,0.4570,430,291,92,2.26,140,81,825.05,35.7,505.35
30,1.5,1.42,0.4521,449,273,91,2.43,290,182,627.8,108.05,331.5
30,1.5,1.46,0.4546,436,281,93,2.17,378,244,885.3,102.6,589.35
30,1.5,1.44,0.4619,449,265,95,2.65,474,312,862.9,116.2,1121.45
30,1.5,1.34,0.4570,456,259,94,2.24,314,210,8371.2,103.65,7133.05
30,1.5,1.51,0.4472,417,303,91,2.30,556,336,480.45,96.25,506.25
30,1.5,1.39,0.4447,448,274,90,2.34,368,245,1167.6,93.55,724.5
30,1.5,1.39,0.4422,441,286,88,2.53,346,226,6439.95,78.65,6790.2
30,1.5,1.48,0.4595,408,302,96,2.08,290,179,599.65,73.9,572.65
30,1.5,1.43,0.4784,414,292,100,1.99,396,244,3589.15,73,2304.2
30,1.5,1.53,0.4570,422,290,95,2.42,404,253,1084.45,119.85,686.8
30,1.5,1.40,0.4472,450,276,89,2.37,312,200,986.9,180.85,860.8
30,1.5,1.46,0.4422,428,299,88,2.43,284,169,513.05,128.85,353.4
30,1.5,1.46,0.4521,442,277,92,2.07,172,105,211.15,34.35,456.55
30,1.5,1.45,0.4784,419,278,103,2.23,324,207,2732.65,140.65,2531.55
30,1.5,1.49,0.4570,443,272,94,2.63,206,129,149.25,74.95,146.1
30,1.5,1.49,0.4521,441,278,92,2.42,324,226,1611.9,76.65,797.6
30,1.5,1.52,0.4447,445,283,88,2.24,186,119,689.7,157.2,358.95
30,1.5,1.37,0.4761,454,248,101,1.86,276,197,592.85,183.85,802.9
30,1.5,1.44,0.4784,436,267,101,2.06,468,315,1962,155.9,1862.1
30,1.5,1.43,0.4784,411,289,102,2.22,238,153,999.25,137.75,435.3
30,1.5,1.5,0.4690,429,279,98,2.39,194,113,207.55,106.65,77.8
30,1.5,1.51,0.4690,435,279,96,2.23,418,275,839.8,97.2,967.4
30,1.5,1.47,0.4521,430,289,92,2.23,258,165,2454.6,86.4,1209.1
30,1.5,1.56,0.4372,427,301,87,2.24,192,122,444.5,185.35,205.15
30,1.5,1.52,0.4521,446,273,92,2.07,390,240,1020.5,82.35,722.4
30,1.5,1.36,0.4497,450,274,90,2.42,240,152,452.6,56.55,372.8
30,1.5,1.47,0.4619,430,284,95,2.28,204,144,2320.55,156.45,1274.7
30,1.5,1.56,0.4372,424,307,86,2.87,170,100,175.7,148.85,338.9
30,1.5,1.44,0.4714,460,249,98,2.33,310,204,395.05,57.25,440.65
30,1.5,1.55,0.4570,436,282,93,2.29,130,78,346.65,181.4,106.85
30,1.5,1.46,0.4397,455,271,88,2.36,414,279,1142.05,172,1019.65
30,1.5,1.59,0.4690,415,290,99,2.18,386,245,3036,98.75,3098.45
30,1.5,1.51,0.4472,447,279,89,2.08,232,159,550.75,50.35,310.9
30,1.5,1.58,0.4738,418,286,100,2.36,356,231,5130,120.35,3394.3
30,1.5,1.53,0.4714,432,280,97,2.35,336,212,1923.45,173.6,2311.35
30,1.5,1.48,0.4521,429,290,92,2.29,176,113,404.95,127.95,200.6
30,1.5,1.53,0.4447,452,270,90,2.03,354,235,2744.15,142.9,1629.45
30,1.5,1.51,0.4497,456,271,89,3.31,234,152,1011.25,103.45,314.35
30,1.5,1.45,0.4570,428,287,94,2.70,262,158,1698.55,126.15,854.05
30,1.5,1.45,0.4295,458,279,83,2.33,366,232,280.15,62,294.2
30,1.5,1.36,0.4643,442,267,97,2.16,272,181,284.05,126.6,377.5
30,1.5,1.55,0.4497,425,299,90,2.59,346,192,913.55,173.35,463.65
30,1.5,1.59,0.4761,402,300,101,2.72,316,179,4717.55,55.55,5346.1
30,1.5,1.46,0.4472,446,277,90,2.37,406,260,4462.35,159.4,2891.4
30,1.5,1.48,0.4876,416,279,105,2.10,214,130,177.6,36.55,250.6
30,1.5,1.40,0.4714,441,265,99,2.16,170,105,40.2,26.4,55.7
30,1.5,1.47,0.4738,427,274,101,2.36,340,224,5149.8,73.1,4456.45
30,1.5,1.48,0.4372,443,288,86,2.34,308,202,642.4,61.6,824.45
30,1.5,1.40,0.4546,432,285,93,2.14,278,182,1439.95,88,958.05
30,1.5,1.44,0.4521,452,267,92,2.24,198,137,160.45,75.6,64.25
30,1.5,1.58,0.4372,452,279,86,2.49,172,101,2084.15,173.15,1207.85
30,1.5,1.57,0.4422,434,293,88,2.55,240,156,1707.65,114,942
30,1.5,1.41,0.4497,431,290,91,2.12,290,184,312.4,148.55,358.8
30,1.5,1.53,0.4667,417,299,95,2.09,330,208,3755.45,117.6,2025.1
30,1.5,1.60,0.4295,418,316,84,2.33,348,207,1001.35,79.8,487.7
30,1.5,1.60,0.4422,424,300,89,2.58,182,114,1463.5,26.3,592.8
30,1.5,1.45,0.4521,440,276,93,1.91,418,267,1019.05,90.35,954.35
30,1.5,1.45,0.4619,438,270,97,2.40,384,249,2253.35,120.2,1987.25
30,1.5,1.48,0.4497,423,295,92,2.52,260,167,1682.6,82.3,1028.85
30,1.5,1.49,0.4643,434,275,97,2.05,288,181,509.95,61.45,527.5
30,1.5,1.48,0.4472,440,280,91,2.27,202,115,294.75,30,306.9
30,1.5,1.48,0.4521,436,280,93,2.41,174,107,770.25,70.05,287.35
30,1.5,1.40,0.4397,454,278,86,2.60,324,204,1622.8,101.65,1661.1
30,1.5,1.47,0.4714,441,271,97,2.32,378,251,5906,150,5752.1
30,1.5,1.45,0.4472,421,305,89,2.69,204,129,571.75,37.8,681.25
30,1.5,1.43,0.4643,457,258,95,2.53,388,255,1916.6,105.5,1192.95
30,1.5,1.52,0.4619,433,278,96,2.23,234,151,462.4,66.15,289.5
30,1.5,1.48,0.4667,444,263,98,2.15,316,200,2881.95,154.05,2537.95
30,1.5,1.73,0.4521,425,294,92,3.07,454,282,940.8,134.95,727.7
30,1.5,1.40,0.4570,456,271,90,2.66,168,111,360.15,35.1,539.75
30,1.5,1.48,0.4643,413,296,97,2.29,222,132,251.45,188.45,220.3
30,1.5,1.47,0.4570,432,286,93,2.39,290,172,456.7,52.3,719.8
30,1.5,1.52,0.4667,437,270,98,2.03,250,165,1151.7,194.5,325.65
30,1.5,1.46,0.4422,437,287,89,2.48,246,155,817,175.35,1167.1
30,1.5,1.34,0.4546,462,255,93,2.16,178,119,203.7,125.55,94
30,1.5,1.54,0.4372,425,306,86,2.63,576,361,871.5,133.2,1078.55
30,1.5,1.37,0.4830,424,269,105,2.06,414,271,2604.25,88.2,2757.1
30,1.5,1.46,0.4619,421,287,97,1.97,350,214,363.95,65.15,345.45
30,1.5,1.49,0.4714,419,281,101,2.16,158,103,496.3,40.65,716.8
30,1.5,1.43,0.4546,445,272,93,1.97,270,171,1576.85,141.6,934.25
30,1.5,1.62,0.4422,419,305,89,3.09,340,205,1872.1,114.45,2360.9
30,1.5,1.46,0.4497,434,287,91,2.88,152,99,77.4,82.1,92.65
30,1.5,1.43,0.4546,454,263,93,2.34,218,141,180.7,202.1,271.6
30,1.5,1.46,0.4761,424,284,99,2.21,314,199,1116.2,60.3,652.65
30,1.5,1.42,0.4619,425,286,96,2.27,230,148,104.3,128.25,125.65
30,1.5,1.51,0.4619,422,292,95,2.36,402,259,1173.65,113.55,606.1
30,1.5,1.49,0.4546,451,269,92,2.43,238,160,2792.05,130.15,1579.05
30,1.5,1.41,0.4346,486,250,84,2.44,330,213,1498.85,98.45,1021.05
30,1.5,1.36,0.4546,458,265,91,2.09,290,190,2323.95,74.55,2538.85
30,1.5,1.51,0.4447,431,291,90,2.47,192,109,424.45,29.35,200.4
30,1.5,1.53,0.4397,424,302,88,2.82,186,115,150.9,28.1,192.65
30,1.5,1.46,0.4690,421,284,99,2.21,188,129,111.4,91.15,64.95
30,1.5,1.49,0.4397,445,281,88,2.25,276,173,2225.4,63.2,1320.4
30,1.5,1.45,0.4447,459,266,89,2.31,102,71,17.85,14.25,24.9
30,1.5,1.51,0.4521,439,283,91,2.45,294,183,717.25,161.3,517.25
30,1.5,1.48,0.4595,424,286,96,2.35,288,189,1047.85,80.95,1443.25
30,1.5,1.44,0.4397,462,267,87,2.38,320,209,112.35,82.7,143.1
30,1.5,1.50,0.4497,458,266,90,2.49,290,180,221.25,189.45,264.45
30,1.5,1.54,0.4472,432,291,90,2.82,210,133,1767.3,70.7,792.95
30,1.5,1.47,0.4216,453,287,81,2.85,214,143,2222.7,72.5,2126.05
30,1.5,1.51,0.4570,429,289,93,2.41,398,256,938.75,161.95,883.4
30,1.5,1.40,0.4690,444,261,99,2.30,244,160,528.3,90.9,260.85
30,1.5,1.45,0.4667,441,269,97,2.31,250,164,517.3,44.7,655.15
30,1.5,1.44,0.4595,452,261,95,2.62,382,256,1143.9,137.15,1267.4
30,1.5,1.58,0.4372,428,303,86,2.57,214,131,356.8,36.95,384.25
30,1.5,1.42,0.4643,429,286,95,2.14,336,204,2389.65,96.1,2409.95
30,1.5,1.41,0.4761,447,261,99,2.25,182,113,243.55,206.85,542.3
30,1.5,1.49,0.4320,440,292,85,3.32,196,131,66,124.8,66.9
30,1.5,1.40,0.4570,457,261,93,2.24,408,269,680.6,141,834.95
30,1.5,1.56,0.4521,426,290,93,2.55,476,299,1674.35,104.15,1869.05
30,1.5,1.43,0.4667,439,271,97,2.29,234,138,1302.8,102.6,586.15
30,1.5,1.36,0.4521,453,266,92,2.13,420,274,2695.45,121.1,2571.35
30,1.5,1.47,0.4546,440,283,91,2.37,390,245,1144.75,113.4,623.2
30,1.5,1.55,0.4619,422,295,94,2.38,210,134,1216.05,157.9,1034.25
30,1.5,1.48,0.4667,417,296,96,2.59,372,234,3262.25,97.75,1931.25
30,1.5,1.40,0.4619,435,282,94,2.41,304,184,2254.05,64.35,2186
30,1.5,1.53,0.4447,436,286,90,2.19,216,141,64.85,120.85,44.95
30,1.5,1.43,0.4738,437,261,102,2.13,254,181,514.35,187.2,562.35
30,1.5,1.53,0.4372,450,287,84,2.83,186,123,139.95,35.85,205.8
30,1.5,1.55,0.4619,414,294,97,1.95,400,250,3295.85,104.25,3092.35
30,1.5,1.51,0.4546,431,289,92,2.22,328,198,1102.2,162.5,846.1
30,1.5,1.39,0.4807,453,245,103,2.34,456,318,2294.05,136.95,2492.35
30,1.5,1.50,0.4472,449,274,90,2.37,450,301,2089.7,130.35,1917.35
30,1.5,1.53,0.4667,425,282,98,2.24,358,220,1079.8,125.9,752
30,1.5,1.47,0.4761,416,283,102,2.23,260,157,417.15,185.65,469.15
30,1.5,1.47,0.4667,415,289,99,2.17,424,253,1185.8,136.25,1195.7
30,1.5,1.59,0.4397,435,291,88,2.33,460,284,2132.95,110.1,1461.05
30,1.5,1.49,0.4761,424,275,102,2.19,372,248,659.75,169.05,785.55
30,1.5,1.36,0.4761,443,262,100,2.11,370,248,1119.1,75.35,1349.85
30,1.5,1.48,0.4570,444,271,94,1.96,248,158,283.2,108,154.5
30,1.5,1.6,0.4521,407,312,92,2.52,178,110,227.2,70.55,120.05
30,1.5,1.58,0.4619,413,301,95,2.27,116,70,278.1,36.65,93.5
30,1.5,1.53,0.4269,443,299,81,2.44,308,202,388.8,60.85,382.15
30,1.5,1.41,0.4497,439,282,91,2.43,378,252,282.6,172.8,368.5
30,1.5,1.48,0.4667,421,289,97,2.16,294,191,5888.9,132.9,5217
30,1.5,1.40,0.4570,426,289,94,2.17,376,232,2826.9,107.2,2260
30,1.5,1.35,0.4472,432,291,90,2.69,154,99,1501.15,183.6,1277.9
30,1.5,1.49,0.4570,422,293,94,2.55,394,250,3181.95,74.2,1716.85
30,1.5,1.48,0.4497,444,274,92,2.35,226,159,98.25,195.2,125.9
30,1.5,1.45,0.4595,429,281,96,2.38,446,289,2545.1,90.1,1909.25
30,1.5,1.5,0.4295,458,276,84,2.33,222,137,848.1,177.05,582.45
30,1.5,1.52,0.4546,422,295,93,2.22,246,167,294.2,191.05,491.6
30,1.5,1.53,0.4447,440,282,90,2.26,212,133,770.35,52.45,553.7
30,1.5,1.49,0.4595,426,290,94,2.22,404,244,2972.4,124.25,3421.9
30,1.5,1.52,0.4497,421,300,91,2.49,182,114,93.1,169.1,102.45
30,1.5,1.5,0.4372,434,297,86,2.48,236,148,1088.55,178.3,1020.4
30,1.5,1.55,0.4497,435,286,91,2.58,334,218,2602.6,166.85,2358.1
30,1.5,1.59,0.4397,412,314,88,2.26,284,186,818.55,118.2,340.5
30,1.5,1.61,0.4447,403,319,90,2.42,418,243,4723.7,100,4195.35
30,1.5,1.53,0.4447,442,283,89,2.99,416,269,1577.45,111.15,1214.65
30,1.5,1.45,0.4643,420,286,98,2.12,474,288,1932.3,105.45,1737.1
30,1.5,1.42,0.4372,430,298,87,2.21,270,166,5145.05,175.05,2521.8
30,1.5,1.48,0.4570,446,269,94,2.22,290,191,338.6,116.75,277.65
30,1.5,1.46,0.4372,436,295,86,2.59,318,202,2337.45,77.95,1877.3
30,1.5,1.44,0.4643,430,276,98,2.15,326,217,552.35,153.5,274.7
30,1.5,1.54,0.4690,425,277,100,1.83,350,224,3127.95,110.5,2736.2
30,1.5,1.52,0.4546,432,282,94,2.39,262,170,1012.9,184.75,1609.1
30,1.5,1.54,0.4216,451,289,81,2.77,384,244,831.25,104.5,668.2
30,1.5,1.58,0.4472,417,309,89,2.38,374,212,3722.75,57.65,2963.2
30,1.5,1.52,0.4497,433,288,91,2.11,184,121,975.35,121.15,541.3
30,1.5,1.35,0.4922,430,258,108,1.95,246,165,632.45,164.6,552.75
30,1.5,1.46,0.4784,438,262,102,1.86,420,279,4323.9,119.15,3659.6
30,1.5,1.46,0.4761,417,285,101,2.26,398,256,3387.2,151.3,2534.5
30,1.5,1.48,0.4595,409,304,95,2.46,246,142,433.5,43.45,394.9
30,1.5,1.39,0.4521,456,272,89,2.24,270,180,527,151.6,421.8
30,1.5,1.64,0.4643,402,304,98,1.96,462,281,1439.1,124.55,1130.1
30,1.5,1.53,0.4619,425,289,95,2.54,340,231,1182.25,95.25,810.8
30,1.5,1.55,0.4830,416,286,102,2.20,404,243,1930.75,89.85,1026.35
30,1.5,1.51,0.4570,423,289,95,2.21,488,291,1621.45,100.8,1513.3
30,1.5,1.45,0.4714,426,274,101,2.10,268,162,836.95,107.25,307.55
30,1.5,1.53,0.4497,431,290,91,2.37,160,94,173.2,37.9,112.4
30,1.5,1.47,0.4738,431,267,102,2.20,210,133,113.35,121.3,137.3
30,1.5,1.55,0.4784,415,288,101,2.26,220,137,2235.65,91.45,1419.8
30,1.5,1.49,0.4595,434,282,94,2.59,248,153,333.25,190.2,194.9
30,1.5,1.5,0.4619,417,294,96,2.43,326,217,3103.9,156.55,3008.5
30,1.5,1.42,0.4546,444,273,93,2.17,228,144,776.8,57.1,888.5
30,1.5,1.58,0.4372,434,294,87,2.48,306,192,866.8,112.2,372.6
30,1.5,1.48,0.4295,448,289,83,2.35,240,154,1150.9,138.45,509.5
30,1.5,1.48,0.4643,436,270,98,2.33,428,273,3207.3,129.05,4089.25
30,1.5,1.39,0.4570,443,272,94,2.17,192,115,55.8,30.45,76.65
30,1.5,1.55,0.4714,419,287,99,2.07,296,177,4381.45,182.8,2485
30,1.5,1.55,0.4643,449,263,96,2.15,426,283,769.7,145.4,624.75
30,1.5,1.39,0.4497,447,277,90,2.67,226,136,535.4,53.55,490.95
30,1.5,1.53,0.4619,410,310,93,2.26,348,212,7107,66.35,5853.5
30,1.5,1.46,0.4619,426,288,95,2.01,242,147,1695.7,121.5,674.1
30,1.5,1.49,0.4447,419,303,90,2.76,296,177,4861.45,82.55,4920.5
30,1.5,1.48,0.4619,438,273,96,2.14,240,150,529.7,159.3,233.85
30,1.5,1.59,0.4346,452,281,85,2.56,452,291,3700.25,104.6,4054.9
30,1.5,1.51,0.4346,455,278,85,2.41,256,166,494.85,93.5,255.7
30,1.5,1.43,0.4372,449,282,86,2.22,322,202,697.2,52,747.75
30,1.5,1.47,0.4643,417,289,98,2.24,170,115,325.15,143.2,143.25
30,1.5,1.51,0.4643,411,301,96,2.17,330,208,1020.1,94.95,961.75
30,1.5,1.53,0.4570,452,266,93,2,328,220,1106.35,164.3,956.7
30,1.5,1.41,0.4643,450,268,94,2.11,194,123,372.8,43,288.2
30,1.5,1.63,0.4546,416,307,91,2.35,424,255,776,111.6,973.4
30,1.5,1.43,0.4521,462,263,90,3.03,386,256,3063.5,70.6,2288.85
30,1.5,1.44,0.4190,447,298,79,2.35,230,145,370.1,187.55,525.6
30,1.5,1.55,0.4372,434,303,84,2.74,490,297,1851.2,113.4,1681.2
30,1.5,1.56,0.4546,409,305,94,2.31,346,220,2567.25,56.1,2776.1
30,1.5,1.44,0.4546,455,259,94,2.09,422,276,583.8,150.1,649
30,1.5,1.58,0.4667,415,298,96,2.34,266,161,1050.4,80.95,341.05
30,1.5,1.51,0.4521,427,295,91,2.02,322,194,1647.65,181.95,826.4
30,1.5,1.46,0.4595,444,275,93,2.47,328,224,1192.8,167.2,664
30,1.5,1.52,0.4136,455,291,78,2.77,206,128,346,36.25,332.85
30,1.5,1.38,0.4243,475,263,82,2.72,296,201,1215.75,67.4,1072.35
30,1.5,1.36,0.4136,503,243,78,2.67,464,336,2962.45,138.05,2902.1
30,1.5,1.58,0.4320,423,309,85,2.73,456,277,2813.8,81.4,2427.3
30,1.5,1.56,0.4472,441,279,91,2.14,432,273,1944.3,133.15,1612.65
30,1.5,1.47,0.4690,447,264,97,2.48,304,195,762.55,54.05,963.1
30,1.5,1.48,0.4497,442,288,88,2.31,188,113,386,114.4,365.55
30,1.5,1.42,0.4714,447,259,99,1.91,352,226,956.5,70.2,728.45
30,1.5,1.47,0.4595,429,284,95,2.14,304,201,1191.25,137.6,519.7
30,1.5,1.53,0.4216,456,287,80,2.63,468,310,3779.1,153.4,3462.55
30,1.5,1.54,0.4447,441,284,89,2.43,376,253,418.65,113.5,403.25
30,1.5,1.59,0.4643,426,283,97,2.31,342,214,3314.4,96.55,3469.15
30,1.5,1.46,0.4472,461,271,87,2.46,358,234,1214.05,116.85,548.55
30,1.5,1.48,0.4784,449,257,100,2.16,350,233,3953.4,131.7,3374.35
30,1.5,1.56,0.4570,423,292,94,2.07,484,296,1651.15,122.35,1276.85
30,1.5,1.44,0.4690,430,275,99,2.54,414,272,4412.45,140.45,5035.8
30,1.5,1.72,0.4372,427,301,87,2.40,272,172,1474.35,85.75,879.1
30,1.5,1.44,0.4595,476,237,95,2.34,214,148,137.5,142.1,146.8
30,1.5,1.42,0.4472,457,263,91,2.53,262,172,1503.85,181.75,797.65
30,1.5,1.49,0.4447,436,289,89,2.66,246,157,3230.1,132.05,1556.45
30,1.5,1.5,0.4619,411,297,97,2.13,428,255,4806.75,94.2,5722.45
30,1.5,1.44,0.4472,442,281,90,2.73,292,183,1689.05,159.7,1409.2
30,1.5,1.55,0.4295,447,287,84,2.49,348,210,2904.3,154.85,2683
30,1.5,1.56,0.4422,448,276,89,2.21,200,129,539.65,72.15,199.7
30,1.5,1.39,0.4472,434,286,91,2.29,392,246,2166.35,160.8,2270.05
30,1.5,1.50,0.4761,418,284,101,2.10,396,251,2056,115.9,908.45
30,1.5,1.56,0.4346,442,291,85,2.44,442,281,1868.5,144.75,1037.7
30,1.5,1.49,0.4619,448,269,94,2.21,248,152,677.7,112.35,198.5
30,1.5,1.53,0.4619,418,290,97,2.25,304,186,1579.1,123.85,1150.05
30,1.5,1.42,0.4521,431,285,93,2.22,426,266,3903.2,77,2752.15
30,1.5,1.48,0.4320,447,288,84,2.08,210,137,2941.2,199.25,1185.05
30,1.5,1.47,0.4320,464,268,85,2.39,458,302,2941.4,95.4,2412.8
30,1.5,1.49,0.4570,442,276,93,2.24,322,212,362.25,172.1,606.2
30,1.5,1.53,0.4714,434,278,97,2.44,526,334,1348.7,107.7,1473
30,1.5,1.44,0.4521,449,270,92,2.18,382,246,1909.55,98.5,1277.15
30,1.5,1.45,0.4546,439,278,93,2.14,254,157,832.2,59.15,973.65
30,1.5,1.47,0.4643,423,286,97,2.25,404,258,3866.5,142,3399.3
30,1.5,1.48,0.4643,454,258,96,2.11,296,195,2203.85,83.9,1592.1
30,1.5,1.4,0.4422,451,273,89,2.33,240,153,952.2,169.4,338.85
30,1.5,1.39,0.4619,455,265,93,2.38,262,171,1394.15,57.85,1779.85
30,1.5,1.61,0.4372,429,305,85,2.4,280,176,642.9,50.6,647.35
30,1.5,1.36,0.4521,460,262,91,2.43,316,216,735.8,70.05,793.7
30,1.5,1.55,0.4619,413,295,97,2.06,256,165,948.65,55.75,1130.55
30,1.5,1.40,0.4546,435,279,94,2.29,186,114,504.65,180.95,171.9
30,1.5,1.52,0.4595,422,294,94,2.81,316,195,1155.85,52,483.7
30,1.5,1.46,0.4643,440,275,95,2.25,252,170,207.45,43,203.2
30,1.5,1.55,0.4472,422,298,91,2.36,254,142,199.4,172.35,272.55
30,1.5,1.62,0.4690,408,300,98,2.20,214,124,1233.75,200.1,1677.95
30,1.5,1.46,0.4643,428,281,97,2.16,188,116,474.4,29.1,448.25
30,1.5,1.48,0.4521,433,286,92,2.38,276,176,2625,140.7,3055.65
30,1.5,1.33,0.4521,486,239,90,2.3,274,196,182.3,193.55,217.35
30,1.5,1.33,0.4738,457,247,100,1.98,446,297,4210.45,83.5,3341.4
30,1.5,1.44,0.4422,444,283,88,2.14,262,162,683.6,173.3,976.1
30,1.5,1.42,0.4521,442,277,92,2.35,212,133,1879,75.7,1004.75
30,1.5,1.47,0.4397,439,290,87,2.17,172,114,68.4,24.65,39.6
30,1.5,1.45,0.4546,443,277,92,2.38,386,253,3015.35,122.6,3370.55
30,1.5,1.47,0.4497,456,274,88,2.23,236,167,2184.65,153.2,1899.7
30,1.5,1.39,0.4643,446,266,96,2.28,392,261,5732.8,97.1,4773.95
30,1.5,1.45,0.4422,456,271,88,2.82,276,173,773.75,172.25,733.7
30,1.5,1.49,0.4521,431,291,91,2.44,258,166,1348.95,67.3,1343.15
30,1.5,1.46,0.4643,440,275,95,2.79,358,219,5896.1,83.1,4703
30,1.5,1.49,0.4447,429,299,88,2.41,330,204,4832.6,123.75,2868.25
30,1.5,1.49,0.4619,450,258,97,2.35,216,131,734.8,37.8,1006.6
30,1.5,1.42,0.4643,431,278,97,2.39,500,317,1255.75,116.15,1366.9
30,1.5,1.55,0.4447,402,320,90,2.4,154,90,86.4,69.15,142.75
30,1.5,1.48,0.4570,448,273,92,2.11,344,222,2847.4,102.45,1618.05
30,1.5,1.63,0.4295,443,291,84,2.13,370,240,799.15,166.05,1020.35
30,1.5,1.41,0.4690,472,236,98,2.79,330,225,6586.1,148.3,5610.15
30,1.5,1.47,0.4690,430,278,98,2.24,338,211,1350.25,110.7,995.4
30,1.5,1.56,0.4243,434,307,81,2.81,328,201,866.2,160.6,820.9
30,1.5,1.48,0.4595,451,265,94,2.24,190,126,711.4,71.55,282.15
30,1.5,1.41,0.4619,438,276,95,2.21,262,163,1248.75,52.1,454.65
30,1.5,1.38,0.4595,451,265,94,1.90,232,155,306.3,56.7,175.25
30,1.5,1.54,0.4422,432,298,87,2.68,412,264,1988.8,126.55,1454.2
30,1.5,1.44,0.4372,442,286,87,2.56,204,131,238.8,172.3,214.45
30,1.5,1.51,0.4643,400,312,96,2.47,426,256,2290,133.8,2938.6
30,1.5,1.42,0.4595,440,276,94,2.62,300,191,2300.15,177.1,1920.55
30,1.5,1.53,0.4595,413,300,95,2.51,206,130,519.2,58.9,665
30,1.5,1.45,0.4667,428,282,97,2.22,300,191,1095.55,188.9,1318.75
30,1.5,1.53,0.4447,451,271,90,2.86,310,208,2412.85,111.15,2706
30,1.5,1.52,0.4521,431,291,91,2.29,312,186,494.6,54.7,267.4
30,1.5,1.50,0.4899,406,284,107,2.13,198,120,472.95,162.65,166.25
30,1.5,1.51,0.4320,443,289,85,2.58,264,160,369.4,167.7,413
30,1.5,1.40,0.4570,467,248,94,2.18,140,99,269.85,184.75,173.05
30,1.5,1.64,0.4372,420,308,87,2.38,198,109,118.9,26.1,193.15
30,1.5,1.50,0.4497,438,280,92,2.26,174,118,361.65,29.85,797.2
30,1.5,1.44,0.4643,443,275,94,2.56,480,308,1287.55,107.65,1683.6
30,1.5,1.52,0.4397,432,294,88,2.35,292,181,1071.8,52.75,995.8
30,1.5,1.48,0.4397,452,280,86,2.05,506,319,2414.15,113.6,1535.9
30,1.5,1.49,0.4546,441,276,93,2.32,364,235,3777.95,87.95,2073.05
30,1.5,1.44,0.4738,415,286,101,2.25,228,135,306,39.55,482.55
30,1.5,1.43,0.4497,449,269,92,1.92,170,110,1076.45,172.2,401.5
30,1.5,1.57,0.4190,436,306,80,2.51,274,178,4669,121,3882.8
30,1.5,1.51,0.4570,431,287,93,2.05,172,101,343.75,38.2,383.05
30,1.5,1.41,0.4714,426,280,99,2.16,156,91,280.25,38.95,275.05
30,1.5,1.54,0.4372,430,301,86,2.19,236,143,208.15,44.05,251.6
30,1.5,1.53,0.4595,425,288,95,2.46,138,81,346.5,30.7,200.5
30,1.5,1.44,0.4521,425,297,91,2.24,286,166,1753.75,67.45,1764.9
30,1.5,1.56,0.4372,429,302,86,2.34,352,223,560.95,61.9,692.25
30,1.5,1.56,0.4422,436,291,88,2.36,402,261,393.8,163.85,448.75
30,1.5,1.45,0.4667,438,272,97,2.14,250,150,243.4,58.9,327.75
30,1.5,1.56,0.4714,431,275,99,2.05,126,72,113.1,43.3,69.95
30,1.5,1.38,0.4690,472,239,97,1.98,250,168,343.7,198.05,367.45
30,1.5,1.50,0.4784,431,272,101,1.97,312,194,848.65,60.55,938.35
30,1.5,1.49,0.4497,449,272,91,2.43,342,214,2765.65,88.2,2498.65
30,1.5,1.52,0.4643,414,295,97,1.98,536,339,899.3,90.45,1140.15
30,1.5,1.44,0.4667,434,276,97,2.03,180,113,390.8,37.15,462.4
30,1.5,1.58,0.4372,438,290,87,2.74,328,209,4083.65,117.1,2853.45
30,1.5,1.49,0.4546,433,281,94,2.36,444,276,2001.6,108.5,2895
30,1.5,1.43,0.4643,453,259,96,2.13,360,242,1185.2,154.15,1179.55
30,1.5,1.55,0.4761,419,286,100,1.98,174,107,82.9,144.85,51.95
30,1.5,1.63,0.4346,433,300,85,2.32,130,77,66.35,22.4,138.7
30,1.5,1.44,0.4397,442,287,87,2.45,216,130,821.35,59,862.95
30,1.5,1.42,0.4497,449,272,91,2.38,354,229,1999.4,155.8,1294.8
30,1.5,1.55,0.4372,425,303,87,2.43,280,179,1023.5,56.15,1263.3
30,1.5,1.54,0.4497,409,309,92,2.27,466,288,1938.5,139.3,2052.45
30,1.5,1.41,0.4546,436,281,93,2.32,292,192,1864.6,166,1573.3
30,1.5,1.38,0.4472,449,271,91,2.32,204,126,162.9,99.95,106.5
30,1.5,1.46,0.4397,442,293,85,2.34,104,68,70.2,197.05,60.9
30,1.5,1.41,0.4643,447,262,97,2.27,280,193,677.2,172.25,302.95
30,1.5,1.41,0.4619,452,259,96,2.11,232,159,747,184.95,434.9
30,1.5,1.43,0.4619,428,283,96,2.29,120,78,403.7,85.85,146.2
30,1.5,1.45,0.4619,449,268,94,2.41,290,196,1576.1,172.8,1775.5
30,1.5,1.39,0.4714,429,283,97,2.35,158,104,368.45,104.8,212.6
30,1.5,1.42,0.4546,428,292,92,2.75,248,151,559.3,166.8,239.55
30,1.5,1.44,0.4546,439,281,92,2.27,268,166,738.35,53.45,805.9
30,1.5,1.45,0.4570,455,266,92,2.16,252,163,1579.85,51.05,700.35
30,1.5,1.38,0.4570,462,256,93,2.38,368,262,1240,88.8,895.85
30,1.5,1.57,0.4136,453,296,77,2.36,376,236,421.4,138.4,385.35
30,1.5,1.49,0.4690,442,266,98,2.87,216,137,2962.55,87.2,1633.15
30,1.5,1.51,0.4497,415,312,89,2.53,444,258,3102,155.2,3246.2
30,1.5,1.49,0.4667,447,266,96,2.31,256,166,840.15,50.85,1042.45
30,1.5,1.36,0.4876,434,255,107,1.95,258,170,975.45,197.85,657.7
30,1.5,1.50,0.4738,432,272,100,2.25,388,245,1598.75,140.6,1343.05
30,1.5,1.47,0.4643,427,288,95,2.15,384,240,2776.4,116.75,1742
30,1.5,1.32,0.4397,491,235,88,2.38,316,228,2506.95,81.25,2158.7
30,1.5,1.52,0.4643,421,288,97,2.33,254,165,367,173.05,506.5
30,1.5,1.53,0.4372,444,287,86,2.48,412,261,1341.3,103.6,929.6
30,1.5,1.55,0.4570,446,272,93,2.38,294,179,7304.3,116.65,4310.85
30,1.5,1.54,0.4738,407,300,99,2.01,394,238,2022.5,130.2,896.5
30,1.5,1.48,0.4667,433,274,98,2.24,410,275,3708.25,142.35,1886.75
30,1.5,1.51,0.4497,426,298,90,2.18,368,236,3835.25,146.45,2508.85
30,1.5,1.46,0.4667,449,264,96,2.40,484,335,1953.8,115.35,2194.75
30,1.5,1.44,0.4690,430,275,99,2.14,412,268,1665.05,94.5,1520.4
30,1.5,1.47,0.4472,435,291,89,2.53,452,286,4450.45,146.25,2865.95
30,1.5,1.55,0.4397,432,297,87,2.83,236,136,750.5,69.85,879.25
30,1.5,1.41,0.4320,462,270,85,2.48,418,274,556.05,97.8,584.05
30,1.5,1.58,0.4397,441,288,87,2.34,134,87,996.75,40.75,348.95
30,1.5,1.43,0.4619,434,274,97,3.11,358,239,1428.45,95.2,1703.4
30,1.5,1.43,0.4667,441,263,99,2.23,406,264,2968.7,135.5,2159.3
30,1.5,1.45,0.4397,456,273,87,2.77,334,214,309.15,59.7,232.6
30,1.5,1.49,0.4667,462,245,98,2.13,384,259,3066.05,157.75,1916.1
30,1.5,1.51,0.4346,444,289,85,3.14,242,158,1370.05,180.2,1381.2
30,1.5,1.54,0.4320,440,292,85,2.29,332,214,1565.2,60.05,969.45
30,1.5,1.48,0.4521,452,273,90,2.7,236,155,342.7,62.2,378.5
30,1.5,1.41,0.4570,439,276,94,2.28,210,131,223.45,75.1,242.55
30,1.5,1.62,0.4447,414,311,89,2.49,358,212,695.65,66.35,649.75
30,1.5,1.55,0.4497,446,278,90,2.38,468,305,1946.9,120.25,1601.25
30,1.5,1.37,0.4643,447,262,97,2.23,460,300,2295.7,114.35,2405.15
30,1.5,1.48,0.4497,427,294,91,2.41,410,261,4180.15,135.9,4017.65
30,1.5,1.45,0.4521,450,266,93,2.18,250,166,1497.75,77.55,1951.5
30,1.5,1.54,0.4447,427,301,88,2.25,168,101,277.9,55.85,103.55
30,1.5,1.44,0.4667,449,261,97,2.68,390,263,696.35,158.4,775.25
30,1.5,1.49,0.4320,453,282,84,2.74,390,261,5654.05,113.4,3867.35
30,1.5,1.43,0.4595,446,267,95,1.91,326,202,1495.65,89,1397.7
30,1.5,1.43,0.4643,431,278,97,2.19,414,271,642.55,77.2,844.7
30,1.5,1.37,0.4546,444,276,92,2.42,512,331,1887.25,150.2,1733.9
30,1.5,1.45,0.4667,426,281,98,2.19,358,226,1367.4,120.2,897.85
30,1.5,1.56,0.4422,437,287,89,2.58,314,195,4379.35,92.6,4681.45
30,1.5,1.43,0.4570,445,273,93,2.06,226,140,234.2,129.7,246.3
30,1.5,1.52,0.4595,439,277,94,2.03,484,297,2773.5,88.45,3802.2
30,1.5,1.60,0.4643,409,300,97,2.37,354,215,2473.45,157,1523.5
30,1.5,1.43,0.4807,419,279,103,1.96,568,363,1233.1,100.85,1304.6
30,1.5,1.39,0.4447,456,266,90,2.46,374,245,2192.2,98.15,2209.85
30,1.5,1.55,0.4595,431,279,96,2.14,162,92,775.3,124.05,331.15
30,1.5,1.55,0.4397,385,341,88,2.67,352,202,2910.65,85.95,1931.5
30,1.5,1.46,0.4372,451,283,85,2.26,500,335,1494.6,139.55,1049.4
30,1.5,1.52,0.4521,450,278,89,2.47,344,218,200.25,187,214.35
30,1.5,1.54,0.4667,432,272,99,2.25,270,164,637.55,81.2,380.2
30,1.5,1.37,0.4570,452,260,95,2.06,470,314,1404.8,108.6,668
30,1.5,1.39,0.4667,470,237,98,2.18,276,192,1673.5,195.6,1733.8
30,1.5,1.5,0.4619,426,285,96,2.28,444,285,1258.1,159.15,1261.05
30,1.5,1.57,0.4595,425,288,95,2.04,380,236,1447.9,164.9,1355.1
30,1.5,1.56,0.4472,440,280,91,2.93,124,85,594.6,117.65,232.3
30,1.5,1.51,0.4595,421,301,92,2.33,304,191,1887.1,78.75,1746.8
30,1.5,1.57,0.4243,434,304,82,2.68,342,219,7241.05,58.8,5309.6
30,1.5,1.49,0.4643,416,290,98,2.06,224,138,533.85,182.25,523.45
30,1.5,1.51,0.4397,440,289,87,3.25,176,114,928.65,44.2,961.5
30,1.5,1.50,0.4595,403,307,96,2.40,296,186,1505.4,173.5,1631.15
30,1.5,1.47,0.4690,428,280,98,2.29,296,188,731.3,102.35,536.2
30,1.5,1.54,0.4595,437,279,94,2.09,292,183,855.15,44.95,792.25
30,1.5,1.50,0.4546,437,280,93,2.10,354,221,1814.85,99.9,2612
30,1.5,1.54,0.4546,416,301,93,2.31,388,232,1436.3,95.4,707.25
30,1.5,1.35,0.4447,450,272,90,2.51,514,336,1911.65,90.6,2636.05
30,1.5,1.58,0.4346,405,325,86,2.83,436,254,1160.6,99.05,852.2
30,1.5,1.52,0.4472,461,265,89,2.38,176,118,190.35,135.8,117.25
30,1.5,1.45,0.4690,429,273,100,2.14,220,141,1329.45,183.85,775.55
30,1.5,1.54,0.4761,405,297,101,2.11,456,276,2827,112,3169.5
30,1.5,1.39,0.4595,444,272,94,2.17,232,160,285.95,46.3,199.6
30,1.5,1.45,0.4619,425,289,95,2.13,136,83,474.35,188.35,150.9
30,1.5,1.49,0.4521,438,284,91,2.20,364,250,812.4,153.1,872.8
30,1.5,1.44,0.4643,444,265,97,2.63,410,277,5136.15,120.6,3890.25
30,1.5,1.54,0.4595,415,298,95,2.27,282,179,1092.85,81.55,1330.65
30,1.5,1.44,0.4595,469,250,93,2.19,366,264,2089.95,64.35,2280.4
30,1.5,1.54,0.4595,423,287,96,2.05,454,283,1372,108.2,1048.75
30,1.5,1.43,0.4472,443,280,90,2.47,374,254,1423.15,92.6,1259.25
30,1.5,1.40,0.4447,463,265,88,2.39,226,151,101.2,34.9,131.6
30,1.5,1.57,0.4595,425,285,96,2.33,216,138,216.05,51.35,321.25
30,1.5,1.44,0.4472,467,256,90,2.5,258,173,3041.9,97.9,1393.25
30,1.5,1.44,0.4619,419,292,96,2.96,330,215,3693.35,132.15,2401.7
30,1.5,1.54,0.4619,432,279,96,2.19,242,146,486.15,58.95,537
30,1.5,1.50,0.4447,435,287,90,2.49,344,223,2565.85,141.05,2406.8
30,1.5,1.66,0.4295,440,294,84,2.56,290,173,1325.45,68.15,1470.35
30,1.5,1.44,0.4472,454,272,89,2.22,538,357,1326.3,127.35,1853.8
30,1.5,1.42,0.4690,421,281,100,2.08,376,238,3644.85,156,2381.85
30,1.5,1.34,0.4667,434,273,98,2.23,220,142,660.45,149.85,580.95
30,1.5,1.43,0.4447,452,276,88,2.68,406,270,2164.8,104.1,1622.4
30,1.5,1.45,0.4422,479,248,88,1.94,394,277,1885.7,80.55,1261.9
30,1.5,1.43,0.4667,455,258,96,2.34,446,286,971.6,151.25,1328.15
30,1.5,1.56,0.4295,457,283,82,2.62,292,203,1410,99.75,1316.15
30,1.5,1.39,0.4546,438,276,94,2.31,372,237,5877.9,85.2,5313.9
30,1.5,1.58,0.4295,456,284,82,2.05,202,137,239.8,37.95,187.4
30,1.5,1.49,0.4595,420,293,95,2.36,224,137,459.65,53.4,508.15
30,1.5,1.62,0.4422,455,272,88,2.36,332,199,1388.35,162.55,1642.65
30,1.5,1.48,0.4714,412,294,99,2.48,270,172,1691.75,164.85,1574.7
30,1.5,1.48,0.4595,430,289,93,2.23,152,106,474.8,131.15,166.1
30,1.5,1.47,0.4346,458,278,84,2.33,524,345,3324.2,142.15,2564.55
30,1.5,1.54,0.4447,420,305,89,2.52,472,281,1188.85,87.25,966.75
30,1.5,1.34,0.4714,442,270,97,2.71,202,130,124.8,129.1,167.45
30,1.5,1.60,0.4497,424,300,90,2.03,394,238,794.9,78.1,804.2
30,1.5,1.43,0.4738,442,268,98,2.26,224,155,580.45,62.9,651.65
30,1.5,1.42,0.4570,447,268,94,2.36,338,218,4393.55,125,4013.35
30,1.5,1.42,0.4497,443,275,92,2.42,166,104,289.5,189.85,161.5
30,1.5,1.52,0.4570,435,280,94,2.22,430,275,4233.1,148.1,5237
30,1.5,1.45,0.4521,453,263,93,2.72,460,307,1682.9,132.7,1979.95
30,1.5,1.45,0.4690,436,269,99,2.05,320,210,3293.5,54.2,2018.55
30,1.5,1.61,0.4497,422,305,89,2.39,210,125,543.85,39.05,404.6
30,1.5,1.38,0.4595,452,264,94,2.47,450,306,2587.05,113,3240.65
30,1.5,1.45,0.4521,429,287,93,2.16,422,269,2418.25,100.2,1640.3
30,1.5,1.51,0.4320,447,285,85,2.69,222,133,326.75,200,494.25
30,1.5,1.48,0.4472,441,282,90,2.3,442,283,1222.65,81.2,972.7
30,1.5,1.47,0.4422,442,285,88,2.33,404,256,2915.6,147.5,2594.5
30,1.5,1.49,0.4595,430,286,94,2.70,274,190,1706.65,180.7,1915.65
30,1.5,1.54,0.4472,429,294,90,2.34,226,143,1296.85,77.25,1008.15
30,1.5,1.45,0.4372,438,290,87,2.41,246,158,814.3,39.3,621.75
30,1.5,1.5,0.4497,448,273,91,2.24,342,219,2419.3,90.4,1796.5
30,1.5,1.56,0.4570,436,279,94,2.48,296,188,1664.35,54.9,1147.6
30,1.5,1.50,0.4497,435,283,92,2.43,312,200,415.35,153.45,471.8
30,1.5,1.51,0.4546,421,296,93,2.31,340,200,2543.25,76.65,2813.3
30,1.5,1.56,0.4346,445,285,86,2.67,354,232,2524.9,155.25,1375.65
30,1.5,1.66,0.4570,389,323,95,2.2,274,153,850.55,46.6,438.15
30,1.5,1.53,0.4497,447,277,90,2.68,356,232,242.7,71.75,272.95
30,1.5,1.41,0.4944,416,279,106,2.26,294,194,540.5,148.65,568.9
30,1.5,1.40,0.4546,443,277,92,2.13,146,86,605.5,188.15,639.75
30,1.5,1.43,0.4667,435,272,98,2.22,192,121,91.4,73.8,63.55
30,1.5,1.43,0.4397,468,258,88,2.48,402,272,1174.4,104.95,677.7
30,1.5,1.59,0.4269,432,310,81,2.77,298,165,4215.05,128.5,2720.3
30,1.5,1.44,0.4714,448,255,100,2.16,300,206,2950.4,75.3,1982.95
30,1.5,1.44,0.4397,465,267,86,2.66,418,291,2023.65,145.95,1961
30,1.5,1.38,0.4667,449,258,98,2.06,188,129,510,49.6,226.15
30,1.5,1.55,0.4521,444,278,91,2.41,400,252,1202.85,83.85,904.3
30,1.5,1.53,0.4738,420,284,100,2.21,182,105,743.1,118.4,363.8
30,1.5,1.53,0.4521,434,285,92,2.39,360,231,3138.9,134.75,3266.7
30,1.5,1.40,0.4447,435,290,89,2.43,320,191,4375,170.9,2435.45
30,1.5,1.39,0.4497,443,278,91,2.27,324,213,1901.4,93.25,1832.6
30,1.5,1.50,0.4397,455,277,86,2.77,390,257,1338.05,86.9,1634.8
30,1.5,1.57,0.4346,454,282,84,2.54,294,184,1276.9,117.05,1313.1
30,1.5,1.41,0.4761,436,266,101,2.06,220,144,355.1,174.15,299.45
30,1.5,1.50,0.4643,408,304,96,2.18,472,297,1670.35,113.15,2147.6
30,1.5,1.49,0.4447,432,290,90,2.14,222,139,534.95,63.15,210.75
30,1.5,1.50,0.4472,437,286,90,2.47,318,208,766.2,166.1,415.65
30,1.5,1.54,0.4570,435,283,93,2.03,448,292,3602.8,143.55,3652.2
30,1.5,1.53,0.4320,440,298,83,2.69,176,111,75,24.05,31.75
30,1.5,1.48,0.4667,431,282,96,2.80,208,135,1165.85,44.05,1602
30,1.5,1.57,0.4269,443,296,82,2.52,338,211,2734.8,142.25,2464.75
30,1.5,1.42,0.4497,461,263,90,2.42,288,200,878.8,66,754.65
30,1.5,1.54,0.4422,443,287,87,2.40,364,227,8517.5,86.25,7626.45
30,1.5,1.48,0.4643,421,288,97,1.94,406,251,1669.25,150.1,1791.25
30,1.5,1.50,0.4295,441,293,84,2.42,312,198,1682.15,157.75,1909.15
30,1.5,1.48,0.4422,439,288,88,2.58,534,340,1418.8,118.05,1390.7
30,1.5,1.58,0.4570,419,299,93,2.57,318,203,4528.5,90.65,4724.9
30,1.5,1.46,0.4521,444,278,91,2.63,432,281,3225.1,145.65,4520
30,1.5,1.53,0.4784,444,265,99,2.11,264,168,1365.75,192.2,854.2
30,1.5,1.54,0.4497,446,275,91,2.24,210,137,237.65,33,176.7
30,1.5,1.68,0.4372,408,326,85,2.56,184,106,538.5,93.7,155.35
30,1.5,1.41,0.4690,441,261,100,2.05,204,134,1349.1,110.6,594.65
30,1.5,1.40,0.4853,428,263,106,2.18,222,142,514.8,176.75,342.05
30,1.5,1.62,0.4346,429,301,86,2.51,222,141,2273.15,193.65,1967
30,1.5,1.39,0.4667,442,265,98,2.07,216,142,834.8,48.15,528
30,1.5,1.5,0.4570,427,285,95,2.25,288,191,2146.4,110.7,1726.5
30,1.5,1.36,0.4643,441,268,97,2.22,364,227,3568.9,124.65,1981.8
30,1.5,1.52,0.4447,434,291,89,2.42,460,285,3049.35,146.2,3238.95
30,1.5,1.56,0.4570,416,299,94,2.48,442,283,1847.3,125.5,1934.3
30,1.5,1.38,0.4667,430,274,99,2.29,234,151,789,42.2,649.4
30,1.5,1.39,0.4643,447,271,94,2.71,304,193,6955.1,178.4,5365.7
30,1.5,1.49,0.4643,423,286,97,2.45,266,179,1313.9,160.65,1759
30,1.5,1.44,0.4690,436,272,98,2.59,386,246,714.6,77.15,708.2
30,1.5,1.42,0.4570,453,265,93,2.41,192,124,850.8,74.4,554.85
30,1.5,1.33,0.4163,473,271,79,3.15,400,273,2294.1,77.15,1758.65
30,1.5,1.44,0.4397,449,283,86,2.59,354,239,1208.25,104.45,552.65
30,1.5,1.58,0.4738,419,282,101,2.18,444,277,1083.35,80.05,1280.85
30,1.5,1.45,0.4570,453,265,93,2.41,380,247,3743.7,136.15,3976.4
30,1.5,1.51,0.4595,432,281,95,2.39,384,248,1127.45,161.45,823.45
30,1.5,1.48,0.4570,443,275,93,1.94,194,121,63.2,64.35,71
30,1.5,1.38,0.4372,474,257,86,2.52,354,245,2345.45,97.4,2153.95
30,1.5,1.57,0.4570,431,284,94,2.53,314,199,946.65,62.75,1263.15
30,1.5,1.41,0.4619,441,267,97,2.28,388,237,3637.05,125.4,4635.45
30,1.5,1.37,0.4619,464,250,95,2.36,150,103,132.05,103.8,87.7
30,1.5,1.41,0.4346,445,285,86,2.49,482,299,3024.6,116.45,2866.9
30,1.5,1.49,0.4521,442,277,92,2.39,196,126,606.1,47.95,687.85
30,1.5,1.53,0.4521,442,277,92,2.59,454,304,842,129.05,814.55
30,1.5,1.40,0.4714,420,295,96,2.41,232,138,297.1,193.55,450.3
30,1.5,1.60,0.4243,412,329,81,2.78,508,305,1900.75,97.4,1785.1
30,1.5,1.40,0.4497,429,292,91,2.11,340,225,1247.45,117.5,1428.2
30,1.5,1.59,0.4570,427,285,95,2.35,232,149,199.6,76.45,148.45
30,1.5,1.37,0.4690,437,268,99,2.05,220,142,104.1,36.9,175.55
30,1.5,1.46,0.4570,426,289,94,2.23,372,236,5387.6,81,5054
30,1.5,1.47,0.4422,437,287,89,2.54,360,236,6511.9,166.15,4466.65
30,1.5,1.42,0.4714,427,285,97,1.92,290,192,1011.5,95.05,826.8
30,1.5,1.42,0.4497,458,263,91,2.30,354,236,1362.7,96.9,714.95
30,1.5,1.44,0.4761,440,268,99,2.12,144,94,622.55,192.75,404.95
30,1.5,1.42,0.4570,440,272,95,2.83,306,197,4364.6,135.9,4865.95
30,1.5,1.42,0.4422,458,269,88,2.38,304,203,589.75,174.6,579.85
30,1.5,1.44,0.4570,445,273,93,2.33,192,125,68.65,30.2,95.05
30,1.5,1.45,0.4472,442,284,89,2.81,202,120,1291.95,34.95,1272.1
30,1.5,1.46,0.4830,435,264,103,2.23,436,290,1265,135.65,1230.55
30,1.5,1.47,0.4690,447,258,99,2.14,420,273,2087.9,119.65,1458
30,1.5,1.52,0.4320,449,283,85,2.55,308,187,1041.6,90.2,1131.6
30,1.5,1.55,0.4595,422,297,93,2.46,402,244,1625,154.6,974.3
30,1.5,1.44,0.4546,423,291,94,2.31,194,125,364.8,128.85,115.2
30,1.5,1.38,0.4761,457,248,100,2.08,276,182,2119.75,136.35,939.2
30,1.5,1.54,0.4397,432,300,86,2.49,372,231,2665.7,100.85,2306.9
30,1.5,1.48,0.4570,430,285,94,2.36,350,223,670.55,91.65,970.5
30,1.5,1.53,0.4690,418,293,97,2.27,366,235,4133.75,72,2902.4
30,1.5,1.50,0.4667,442,262,99,1.96,250,166,344.8,190.65,511.6
30,1.5,1.44,0.4570,446,272,93,2.45,186,125,351.25,87.6,218.95
30,1.5,1.55,0.4422,425,299,89,3.27,452,282,730,162.15,583.55
30,1.5,1.41,0.4372,461,270,86,2.29,474,316,980.8,144.55,864.3
30,1.5,1.53,0.4295,435,302,83,2.18,200,123,288,55.85,228.3
30,1.5,1.53,0.4397,433,293,88,2.27,174,106,281.45,210.15,388.65
30,1.5,1.66,0.4295,442,292,84,2.80,202,121,773.45,120.45,280.8
30,1.5,1.58,0.4619,431,283,95,2.35,128,74,67.05,147.1,50.15
30,1.5,1.51,0.4595,428,291,93,2.80,158,98,1131.45,21.6,423.95
30,1.5,1.59,0.4055,446,306,75,2.47,278,156,465.5,189.6,604.2
30,1.5,1.48,0.4761,418,281,102,1.92,258,169,891.95,132.55,368.8
30,1.5,1.68,0.4472,411,312,90,2.06,138,82,335.4,22.5,143.4
30,1.5,1.33,0.4595,441,269,96,2.30,618,409,520.05,120.5,711.85
30,1.5,1.58,0.4372,422,309,86,2.07,274,168,612.25,45.15,632.8
30,1.5,1.53,0.4521,433,286,92,3.11,354,229,882.95,81.85,650.75
30,1.5,1.52,0.4546,429,294,91,2.74,204,139,360.1,51.75,510.2
30,1.5,1.45,0.4397,453,276,87,2.24,388,255,3308.2,138.6,3186.3
30,1.5,1.49,0.4497,424,297,91,2.87,278,177,1980.45,53.5,1537.15
30,1.5,1.5,0.4497,433,291,90,2.32,332,201,248.6,49.2,259.1
30,1.5,1.49,0.4690,429,282,97,2.24,414,276,2187.2,99.9,2864.7
30,1.5,1.4,0.4876,432,266,104,2.07,314,215,702.65,181.5,729.1
30,1.5,1.43,0.4546,455,271,90,2.39,218,146,1154,185.5,1209.75
30,1.5,1.42,0.4667,442,265,98,1.93,330,215,11357.7,64.2,7352.15
30,1.5,1.39,0.4643,456,259,95,2.2,396,266,1275,176.8,1529.7
30,1.5,1.51,0.4320,445,290,84,2.93,328,207,910,123.75,556.1
30,1.5,1.58,0.4422,441,298,84,2.45,124,79,171.4,25.05,247.45
30,1.5,1.40,0.4570,444,268,95,2.65,202,131,1668.55,28.65,604.45
30,1.5,1.53,0.4876,405,290,105,1.94,276,168,3795.35,132,3198.75
30,1.5,1.50,0.4570,423,295,93,2.60,482,296,1929.55,116.8,2037.35
30,1.5,1.49,0.4570,437,278,94,2.43,288,186,2716.55,120.85,1622.15
30,1.5,1.47,0.4216,460,283,80,2.46,364,242,661.55,171.05,946.4
30,1.5,1.55,0.4595,431,279,96,2.01,320,202,1762.4,68.15,1558.65
30,1.5,1.55,0.4497,429,292,91,2.78,314,199,1075.55,95.45,699
30,1.5,1.43,0.4269,467,269,83,2.83,364,236,2220.15,134.4,1965.75
30,1.5,1.50,0.4546,439,284,91,2.40,416,264,3324.65,159.45,2994.3
30,1.5,1.44,0.4243,455,283,82,2.38,226,154,1883.05,153.8,1977.8
30,1.5,1.52,0.4667,423,281,99,1.95,170,101,218.9,88.1,156.3
30,1.5,1.54,0.4595,432,278,96,2.30,440,281,2910.5,86.75,1318.15
30,1.5,1.52,0.4372,443,291,85,2.29,168,106,224.45,40.55,155.75
30,1.5,1.35,0.4546,454,260,94,2.21,346,229,683.7,121.25,502.3
30,1.5,1.50,0.4497,440,281,91,2.14,404,264,2995.1,74.7,1737.75
30,1.5,1.52,0.4761,418,293,98,2.31,430,272,449.95,89.7,392.9
30,1.5,1.43,0.4619,437,274,96,2.29,436,285,1912.25,95.75,1811
30,1.5,1.41,0.4643,448,261,97,2.29,460,308,1173.65,146.05,1322.8
30,1.5,1.63,0.4216,444,296,81,2.40,308,178,2657.6,85.45,1863.2
30,1.5,1.52,0.4447,438,284,90,2.26,324,215,1654.85,77.35,713.85
30,1.5,1.41,0.4667,432,278,97,2.59,288,186,258.95,54.95,424.25
30,1.5,1.5,0.4570,424,294,93,2.40,194,129,60.3,88.65,63.95
30,1.5,1.45,0.4397,456,276,86,2.30,368,250,2034.65,144.1,1702.9
30,1.5,1.57,0.4521,412,310,91,2.48,274,158,593.55,62.85,278.95
30,1.5,1.55,0.4346,425,311,84,2.68,232,136,214.35,110.85,154.5
30,1.5,1.57,0.4422,414,310,89,2.55,204,128,308.1,38.7,367
30,1.5,1.61,0.4346,442,291,85,2.49,400,260,5841.55,159.3,6432.15
30,1.5,1.47,0.4570,447,274,92,2.42,236,150,999.95,164.05,503
30,1.5,1.42,0.4372,445,283,87,2.52,208,131,331.45,32.55,277.55
30,1.5,1.52,0.4497,450,268,92,2.22,236,139,373.1,41.1,741.35
30,1.5,1.41,0.4372,461,270,86,2.52,462,306,1402.5,105.4,1211.7
30,1.5,1.56,0.4422,444,283,88,2.64,406,256,2495.8,142.45,1761.25
30,1.5,1.43,0.4619,437,274,96,2.45,230,157,1039.55,41.25,1176.8
30,1.5,1.38,0.4447,460,271,87,2.44,226,150,191.35,202.05,344.05
30,1.5,1.48,0.4472,426,297,90,2.61,272,167,471.4,59.65,521.1
30,1.5,1.57,0.4595,424,295,93,2.43,274,176,2137.65,57.55,2380.55
30,1.5,1.44,0.4619,432,276,97,2.42,276,178,2316.3,134.9,1141.45
30,1.5,1.53,0.4346,443,293,84,2.51,446,282,1959.7,140.2,1821.7
30,1.5,1.46,0.4643,443,263,98,2.03,386,248,1119.2,101.55,592.35
30,1.5,1.63,0.4295,455,279,84,2.54,346,233,861.85,131.3,996.65
30,1.5,1.42,0.4619,430,278,97,2,218,143,1589.35,45.2,1110.45
30,1.5,1.44,0.4521,437,288,90,2.39,232,147,1282,155,610
30,1.5,1.41,0.4546,445,275,92,2.43,380,249,429.15,161.9,544.2
30,1.5,1.42,0.4761,433,269,101,2.15,384,241,3521.35,160.1,2471
30,1.5,1.48,0.4570,470,245,94,2.17,294,197,824.65,172.65,833.05
30,1.5,1.43,0.4397,453,276,87,2.26,322,207,1841.15,74.6,1337.85
30,1.5,1.46,0.4546,441,279,92,2.48,140,92,187.3,125.2,62.7
30,1.5,1.54,0.4397,431,295,88,2.35,276,173,362.85,156.7,556.45
30,1.5,1.46,0.4714,424,285,98,2.07,298,187,709.45,103.45,313.5
30,1.5,1.69,0.4521,414,314,89,2.31,318,199,6757.55,128.9,6696.25
30,1.5,1.44,0.4497,441,277,92,2.43,208,131,486.05,189.2,569
30,1.5,1.53,0.4497,431,287,92,2.22,286,185,992.15,161.35,1016.2
30,1.5,1.36,0.4667,451,256,98,2.31,166,104,536.75,102.1,262.9
30,1.5,1.43,0.4784,426,271,103,1.91,366,233,964.55,117.65,574.35
30,1.5,1.54,0.4497,426,298,90,2.2,86,52,14.1,12.4,21.05
30,1.5,1.48,0.4595,442,271,95,2.18,230,141,1520.3,100.3,701.7
30,1.5,1.46,0.4397,436,293,87,3,150,94,413.55,62.2,145.35
30,1.5,1.46,0.4447,430,298,88,2.88,386,235,2575.4,126.7,2368.9
30,1.5,1.54,0.4738,426,281,99,1.84,378,243,1125.55,172.6,882.55
30,1.5,1.44,0.4521,435,281,93,2.22,288,183,1270.8,70.95,1314.75
30,1.5,1.39,0.4853,442,258,103,2.05,282,184,1673.95,186.25,1174.85
30,1.5,1.36,0.4216,458,282,81,3.04,302,189,536.05,116.05,653.15
30,1.5,1.42,0.4967,414,270,110,1.74,416,269,955,84.85,913.85
30,1.5,1.48,0.4546,430,290,92,2.37,196,124,272.6,40.45,414.55
30,1.5,1.57,0.4643,442,267,97,1.94,360,229,6322.7,86.8,6749.65
30,1.5,1.48,0.4643,437,272,97,2.32,280,173,530.25,66.2,544.8
30,1.5,1.53,0.4295,453,290,81,2.28,206,127,316.85,42.3,314.35
30,1.5,1.54,0.4243,440,298,82,2.61,232,143,2129.9,39.2,1192.45
30,1.5,1.47,0.4619,417,294,96,2.07,198,127,81.5,175.85,119.85
30,1.5,1.47,0.4643,437,272,97,2.63,346,229,4248.25,117.25,2372.8
30,1.5,1.38,0.4643,430,276,98,2.23,280,179,514.35,86.4,249.25
30,1.5,1.57,0.4497,425,296,91,2.30,210,132,344.35,38.95,412.4
30,1.5,1.43,0.4570,437,281,93,2.57,186,115,1227.2,163.8,611.3
30,1.5,1.56,0.4690,418,284,100,2.1,132,84,109.2,25.35,215.8
30,1.5,1.45,0.4422,445,279,89,2.21,336,207,3927.9,125.95,2516.65
30,1.5,1.52,0.4595,408,308,94,2.13,306,185,858.3,64.4,948.15
30,1.5,1.55,0.4320,440,292,85,2.81,182,119,1560.5,115.1,837.45
30,1.5,1.41,0.4521,443,279,91,2.19,298,195,2953.35,172.75,2283.3
30,1.5,1.53,0.4346,433,300,85,2.49,340,216,6635.35,168.65,4877.65
30,1.5,1.37,0.4570,464,251,94,2.65,318,205,1267.3,82.3,1961.75
30,1.5,1.49,0.4372,469,259,87,2.34,360,248,2241.95,83.4,2199.2
30,1.5,1.42,0.4619,438,279,94,2.29,268,178,190.2,107.25,130.85
30,1.5,1.49,0.4269,442,300,81,2.62,332,211,1288.1,154.15,1402.2
30,1.5,1.46,0.4714,415,291,99,2.31,250,152,557,156.95,352.1
30,1.5,1.46,0.4667,426,284,97,2.36,304,199,1775.5,44.15,736.4
30,1.5,1.54,0.4570,430,285,94,2.78,242,156,2306.9,87.15,2633.25
30,1.5,1.58,0.4422,440,290,87,2.24,176,108,148.35,200.85,233.85
30,1.5,1.48,0.4690,413,295,98,2.28,162,93,216.3,33.95,373.5
30,1.5,1.60,0.4372,429,302,86,2.56,306,193,2147.7,59,747.45
30,1.5,1.51,0.4738,429,275,100,2.27,410,273,1182.1,103.1,1320.3
30,1.5,1.49,0.4690,424,287,97,2.09,184,118,611.1,165.65,169.75
30,1.5,1.43,0.4397,438,291,87,2.85,188,123,1395,91.3,503.6
30,1.5,1.59,0.4216,432,308,81,2.83,236,151,819.8,155.8,351.2
30,1.5,1.41,0.4447,439,286,89,2.53,176,105,2156.4,158.7,1403.85
30,1.5,1.42,0.4714,435,265,101,2.39,272,170,790.85,61.1,1064.4
30,1.5,1.60,0.4422,435,292,88,2.35,332,214,822.35,62.35,976.5
30,1.5,1.57,0.4372,426,302,87,2.51,196,133,260.65,51.55,80.1
30,1.5,1.39,0.4447,453,269,90,2.21,206,131,3591,130.45,2015.8
30,1.5,1.41,0.4269,462,274,83,2.77,372,246,10543.05,75.4,8434.6
30,1.5,1.64,0.4447,440,288,88,2.49,386,245,2069.1,95.15,2062.4
30,1.5,1.54,0.4546,426,297,91,2.42,438,270,2787.4,85.05,3041.95
30,1.5,1.4,0.4784,428,266,104,1.91,252,166,737.75,76.85,324.75
30,1.5,1.54,0.4667,421,289,97,2,390,251,1574.05,117.8,1258.05
30,1.5,1.43,0.4422,445,279,89,2.89,170,98,726.45,96.25,208.1
30,1.5,1.51,0.4110,454,297,76,2.87,358,229,4836.55,174.85,4375.75
30,1.5,1.48,0.4667,426,281,98,2.32,270,166,422.5,149.8,429.5
30,1.5,1.48,0.4690,438,273,97,2.58,348,226,2327.45,148.55,1708.3
30,1.5,1.47,0.4447,445,286,87,2.54,308,180,203.7,173.8,278.25
30,1.5,1.44,0.4546,442,278,92,2.18,398,247,834.85,138.2,907.85
30,1.5,1.39,0.4667,462,254,95,3.04,182,117,2919.15,130.7,1210.8
30,1.5,1.56,0.4472,408,315,90,2.38,254,150,1301.45,54.05,1352.45
30,1.5,1.59,0.4190,436,309,79,2.87,114,66,103.3,169.5,73.9
30,1.5,1.55,0.4667,429,278,98,2.08,236,150,302.7,186.05,372.15
30,1.5,1.44,0.4643,439,273,96,2.48,432,290,783.95,112.1,996.75
30,1.5,1.48,0.4570,442,276,93,2.24,384,236,2511.6,128.9,1515.35
30,1.5,1.47,0.4619,441,276,94,2.33,288,183,1058.3,171.45,1001.75
30,1.5,1.40,0.4546,443,271,94,2.76,266,182,572.45,143.95,453.4
30,1.5,1.60,0.4595,432,284,94,2.10,280,184,2855.8,137.2,1628.6
30,1.5,1.42,0.4714,415,285,101,2.02,322,208,1385.95,139.95,1523.2
30,1.5,1.54,0.4521,434,285,92,2.61,466,293,1225.65,102.2,1711.35
30,1.5,1.49,0.4397,442,284,88,2.25,412,264,10178.15,81.25,9975.35
30,1.5,1.34,0.4619,440,274,95,1.95,336,219,971.05,79.85,853.95
30,1.5,1.48,0.4807,440,267,100,2.25,240,155,1249.2,99.5,435.9
30,1.5,1.40,0.4619,421,290,96,2.24,588,373,668.8,120.8,833.9
30,1.5,1.48,0.4346,442,288,86,2.49,262,166,3597.6,100.8,1960.95
30,1.5,1.46,0.4521,458,258,93,2.34,450,307,621.35,138.75,511
30,1.5,1.38,0.4667,421,286,98,2.33,366,236,4334.6,92.2,4315.75
30,1.5,1.54,0.4546,428,295,91,2.30,134,75,62.25,60.9,122.4
30,1.5,1.42,0.4346,454,276,86,2.21,298,195,2944.6,174.9,2133.3
30,1.5,1.45,0.4570,437,278,94,2.15,208,129,273.7,190,292.2
30,1.5,1.54,0.4372,426,302,87,2.09,344,213,353.25,105.2,255.6
30,1.5,1.47,0.4472,432,294,89,2.37,384,238,831.8,158.8,735.7
30,1.5,1.41,0.4320,462,270,85,2.47,262,168,358.75,56.3,338.45
30,1.5,1.58,0.4447,426,296,90,2.23,234,150,455.7,35.45,123.2
30,1.5,1.51,0.4784,422,278,102,1.89,274,177,353.95,150.35,385.2
30,1.5,1.49,0.4422,448,279,88,2.32,396,266,2026.7,114.75,1490.6
30,1.5,1.64,0.4447,437,291,88,2.33,158,102,1630.1,55.45,840.75
30,1.5,1.46,0.4447,438,284,90,2.53,190,130,1037.2,183.45,1067.45
30,1.5,1.47,0.4738,433,274,99,2.26,242,148,161.25,44.4,252.6
30,1.5,1.49,0.4472,431,292,90,2.14,430,278,1201.4,109.55,1407.55
30,1.5,1.43,0.4807,425,276,102,2.12,426,281,2296.2,132.45,2056.55
30,1.5,1.51,0.4643,433,276,97,2.15,394,248,6093,76.55,5352.4
30,1.5,1.49,0.4372,453,281,85,2.54,152,87,86.55,148.45,86.6
30,1.5,1.52,0.4447,443,282,89,2.61,188,113,366,56.9,177.6
30,1.5,1.60,0.4643,417,292,97,2.46,188,120,438.3,158.15,309.05
30,1.5,1.49,0.4667,429,278,98,2.18,210,129,1343.35,155,1483.65
30,1.5,1.44,0.4447,461,267,88,2.95,194,126,1051.4,27.85,437.6
30,1.5,1.47,0.4619,441,273,95,2.61,298,183,2200.25,71,2058.2
30,1.5,1.45,0.4346,461,269,86,2.65,296,192,4205.2,141.2,2183.2
30,1.5,1.43,0.4619,417,291,97,2.18,398,254,4282.95,170.65,2985.35
30,1.5,1.55,0.4497,441,283,90,2.16,310,197,7403.75,49.5,6246.75
30,1.5,1.45,0.4521,427,295,91,2.45,420,267,2239.45,79,2331.25
30,1.5,1.42,0.4667,440,267,98,2.09,188,123,910.9,57.4,601.4
30,1.5,1.54,0.4643,427,285,96,2.32,472,298,518.5,137.4,533.65
30,1.5,1.48,0.4546,423,294,93,1.99,408,250,1257.65,140.25,800.2
30,1.5,1.51,0.4619,434,280,95,2.21,360,231,3484.1,137.9,3063.5
30,1.5,1.51,0.4667,405,302,98,2.90,260,153,506.15,169.8,624.95
30,1.5,1.64,0.4372,418,316,85,2.33,214,134,244.6,134.95,164.15
30,1.5,1.52,0.4243,448,290,82,2.73,268,162,337,105.2,165.3
30,1.5,1.42,0.4667,436,268,99,2.05,336,214,2679.15,98.7,2213.7
30,1.5,1.47,0.4521,417,299,93,2.03,326,192,3164.55,47.6,2505.6
30,1.5,1.47,0.4422,450,274,89,2.55,414,267,4553.7,128.55,4659.5
30,1.5,1.47,0.4690,424,281,99,2.63,284,187,969.85,138.05,524.3
30,1.5,1.45,0.4472,428,298,89,2.94,138,82,1764.2,205.4,697.6
30,1.5,1.51,0.4853,420,274,105,2.61,454,291,1527.25,132.8,1439.45
30,1.5,1.42,0.4497,476,245,91,2.38,292,193,980.95,174.35,963.4
30,1.5,1.49,0.4738,435,272,99,2.54,332,209,2780.75,97,1302.95
30,1.5,1.44,0.4619,448,263,96,2.23,246,156,548.35,63.7,484.55
30,1.5,1.53,0.4447,438,290,88,2.34,452,293,2520.45,113.05,2906.45
30,1.5,1.52,0.4619,427,287,95,2.58,370,229,1030.65,91.6,941.1
30,1.5,1.39,0.4372,445,283,87,2.38,254,161,630.25,156.4,488.25
30,1.5,1.44,0.4643,437,272,97,2.22,300,195,841.4,163.45,831.55
30,1.5,1.54,0.4595,412,304,94,2.44,192,118,313.1,130.8,455.65
30,1.5,1.55,0.4667,427,286,96,1.98,146,93,197.6,77.75,132.55
30,1.5,1.40,0.4595,438,275,95,2.09,430,279,2815.75,99.65,1884.3
30,1.5,1.51,0.4190,448,297,79,3.05,472,293,2464.4,78.25,2247.9
30,1.5,1.60,0.4320,421,314,84,2.71,386,229,2340.2,172.55,1102.5
30,1.5,1.49,0.4397,429,297,88,2.39,268,166,640.1,186.1,383.7
30,1.5,1.47,0.4422,444,280,89,3.18,234,154,637.25,82.1,270.6
30,1.5,1.36,0.4497,451,267,92,2.43,442,281,2250.35,118.15,1340.6
30,1.5,1.40,0.4570,430,282,95,2.16,354,230,5900.75,168.35,3726.1
30,1.5,1.47,0.4472,439,284,90,2.48,244,159,919.5,82.45,380.4
30,1.5,1.5,0.4397,420,309,87,2.34,224,136,1903.8,164.65,1079.4
30,1.5,1.49,0.4546,446,268,94,2.24,332,207,4147.2,115.7,2269.2
30,1.5,1.47,0.4690,425,280,99,2.78,196,123,870.15,40.8,911.25
30,1.5,1.54,0.4422,413,311,89,2.10,378,233,3167.25,118.1,2770.55
30,1.5,1.44,0.4472,462,264,89,2.09,464,309,1584.05,80.45,1371.25
30,1.5,1.57,0.4447,422,300,90,2.39,268,165,813,67.45,877.55
30,1.5,1.48,0.4372,453,278,86,2.47,232,149,84.7,108.25,77.85
30,1.5,1.65,0.4595,426,290,94,2.31,310,181,507.15,187.65,681.9
30,1.5,1.40,0.4397,473,262,85,2.46,300,200,1057.3,48.75,1090.9
30,1.5,1.48,0.4346,451,279,86,2.44,188,119,788,39.55,412.65
30,1.5,1.54,0.4346,482,251,85,2.56,310,212,2747.6,190.8,2168.1
30,1.5,1.46,0.4570,447,265,95,2.48,250,168,352.45,180.4,370.25
30,1.5,1.42,0.4447,449,282,87,2.36,260,170,252.55,50.15,344.75
30,1.5,1.55,0.4521,416,300,93,2.24,140,92,716.25,178.2,280.55
30,1.5,1.50,0.4570,431,281,95,2.14,336,215,405.45,70.55,594.1
30,1.5,1.49,0.4667,420,290,97,2.34,160,100,248.4,60.35,110.35
30,1.5,1.51,0.4216,442,298,81,2.62,410,252,2891.9,143.35,2816.95
30,1.5,1.45,0.4472,430,293,90,2.18,550,350,2196.05,100.8,2401.35
30,1.5,1.61,0.4295,435,299,84,2.58,472,298,1849.8,140.1,2166.7
30,1.5,1.39,0.4595,445,265,96,2.36,258,173,442.5,46.1,568.45
30,1.5,1.54,0.4447,430,298,88,2.90,304,194,1706.95,81.2,1374
30,1.5,1.35,0.4372,459,269,87,3.09,220,141,599.3,172.25,322.25
30,1.5,1.58,0.4521,429,290,92,2.32,172,106,278.15,200.05,202.8
30,1.5,1.41,0.4595,453,266,93,2.18,284,175,1989.75,100.5,1731.3
30,1.5,1.54,0.4595,428,285,95,2.66,436,273,2959.6,120.15,3008.75
30,1.5,1.50,0.4570,425,287,95,2.83,172,104,434.65,89.45,177.75
30,1.5,1.53,0.4690,418,290,98,1.96,226,137,579.85,76.6,295.35
30,1.5,1.55,0.4643,406,300,98,2.31,246,141,1003.5,62.95,821.9
30,1.5,1.47,0.4472,462,261,90,2.49,286,194,510.75,45.75,563
30,1.5,1.49,0.4546,427,287,94,2.12,326,206,300.45,76.45,223.75
30,1.5,1.46,0.4243,454,284,82,2.99,498,313,742.25,107.7,922.45
30,1.5,1.65,0.4372,419,315,85,2.67,224,142,1497.8,112.05,565.85
30,1.5,1.53,0.4761,437,268,100,2.1,186,119,211.25,30.2,113.25
30,1.5,1.61,0.4447,422,306,88,2.52,224,127,268.05,50.6,231.55
30,1.5,1.45,0.4472,457,263,91,2.42,398,267,1979.6,80,1029.25
30,1.5,1.46,0.4397,445,287,86,2.66,302,192,456.9,170.2,612.75
30,1.5,1.56,0.4269,422,317,82,2.49,328,200,4516.85,121.95,5250.8
30,1.5,1.52,0.4346,448,282,86,2.52,268,173,3188.95,117.25,1603.05
30,1.5,1.55,0.4422,442,282,89,2.36,298,182,5215.05,163.85,4312
30,1.5,1.42,0.4738,428,276,100,2.35,334,220,774.8,80.1,1039.7
30,1.5,1.59,0.4346,453,280,85,2.34,346,237,256.65,161.35,278.95
30,1.5,1.52,0.4738,419,279,102,1.87,276,173,287,53.9,384.15
30,1.5,1.58,0.4497,433,288,91,2.41,372,238,3877.25,82.55,2903.35
30,1.5,1.40,0.4595,432,278,96,2.33,248,157,877.45,166.5,372.85
30,1.5,1.42,0.4595,424,292,94,2.41,254,161,862,77,400.7
30,1.5,1.53,0.4422,425,299,89,2.70,268,169,1044.8,160.05,1053.15
30,1.5,1.46,0.4690,434,271,99,2.36,402,248,1102.55,152.2,959.75
30,1.5,1.55,0.4546,453,261,94,2.18,178,116,176.35,208.3,263
30,1.5,1.45,0.4497,442,276,92,2.01,238,163,942.25,179.4,483.7
30,1.5,1.54,0.4163,474,270,79,2.75,364,239,2507.7,81.35,1180.05
30,1.5,1.44,0.4595,435,281,94,2.44,428,266,591.95,111.75,742.9
30,1.5,1.48,0.4521,436,286,91,2.56,272,172,397.85,177.1,394.3
30,1.5,1.49,0.4372,451,283,85,2.2,436,272,1162.65,83,876.3
30,1.5,1.47,0.4784,413,287,102,2.25,280,170,954.6,143.3,636.1
30,1.5,1.36,0.4690,457,257,96,2.10,300,204,662.7,74.65,664.15
30,1.5,1.44,0.4472,449,271,91,2.49,174,107,219,128.05,270
30,1.5,1.46,0.4447,447,278,89,3.02,302,189,2953.55,85.3,2159.9
30,1.5,1.38,0.4784,462,244,100,2.4,280,196,895.5,47.9,885.95
30,1.5,1.55,0.4243,443,295,82,2.73,250,163,367.3,122.6,215.15
30,1.5,1.51,0.4521,439,280,92,2.76,236,147,2777.55,108.95,1261.8
30,1.5,1.47,0.4570,445,270,94,2.51,226,141,830.25,47.8,811.65
30,1.5,1.55,0.4619,428,286,95,2.18,252,161,996.2,53.25,634.25
30,1.5,1.49,0.4830,429,264,105,1.91,356,241,1887.3,68.1,1088.8
30,1.5,1.51,0.4216,460,286,79,2.51,340,213,3369.95,126.7,1810
30,1.5,1.42,0.4546,447,267,94,2.48,296,201,2240.35,139.05,2679.4
30,1.5,1.56,0.4346,451,282,85,2.69,450,279,1909.75,155.05,2251.75
30,1.5,1.51,0.4472,441,279,91,2.46,398,255,665.55,68.9,903.25
30,1.5,1.53,0.4422,426,301,88,2.31,134,84,309.3,81.8,120.75
30,1.5,1.49,0.4643,444,268,96,2.02,234,145,441.65,182.05,343.65
30,1.5,1.50,0.4643,414,295,97,2.35,356,227,782.1,161.5,750.35
30,1.5,1.46,0.4497,453,271,90,2.39,194,118,80.75,150.4,60.15
30,1.5,1.45,0.4521,426,290,93,2.80,220,146,240.05,195.5,437.5
30,1.5,1.50,0.4521,418,298,93,2.53,404,236,3902,89.35,3434.95
30,1.5,1.5,0.4216,461,285,79,2.29,236,155,538.9,64.3,737.1
30,1.5,1.46,0.4667,435,275,97,2.33,420,282,3286,119.6,3840.05
30,1.5,1.52,0.4570,443,272,94,2.31,486,302,1045.65,119.7,982.7
30,1.5,1.56,0.4497,438,283,91,2.64,230,158,995.2,62.25,466.2
30,1.5,1.54,0.4397,451,281,86,2.27,224,151,158.35,197.4,217.3
30,1.5,1.39,0.4472,465,258,90,2.37,308,209,431.6,159.25,455.25
30,1.5,1.59,0.4447,421,301,90,2.19,228,154,137.8,45.95,143.7
30,1.5,1.50,0.4667,424,289,96,2.23,250,168,3019.2,182.2,2095
30,1.5,1.55,0.4619,434,283,94,2.43,516,327,2557.3,147.95,2559.45
30,1.5,1.48,0.4497,430,291,91,2.35,220,138,311.95,194.25,244.45
30,1.5,1.36,0.4472,464,265,88,2.97,166,105,83.2,28.1,131.75
30,1.5,1.38,0.4497,440,281,91,2.32,162,99,1305.95,65.8,534.35
30,1.5,1.58,0.4372,443,288,86,2.29,280,180,853.1,161.85,693.3
30,1.5,1.48,0.4619,441,273,95,2.65,296,184,1225.5,106.1,792.7
30,1.5,1.51,0.4472,443,283,89,2.39,356,222,293.7,58.05,299.4
30,1.5,1.44,0.4497,459,265,90,2.33,340,232,1212.05,89.05,1506.9
30,1.5,1.49,0.4447,457,268,89,2.73,288,186,907.95,57.55,1327.05
30,1.5,1.42,0.4761,437,268,100,2.35,286,191,1824.25,149.85,1185.9
30,1.5,1.44,0.4619,443,274,94,2.55,444,284,1979.2,90.75,1849.35
30,1.5,1.56,0.4595,404,309,95,2.79,386,242,3222.55,106.05,2826.25
30,1.5,1.47,0.4643,427,285,96,2.52,262,157,506.35,88.95,334.6
30,1.5,1.44,0.4521,448,277,90,2.53,302,198,4120.5,80.35,2605.45
30,1.5,1.62,0.4570,408,307,94,2.36,256,154,459.75,163.45,433.75
30,1.5,1.49,0.4546,423,297,92,2.35,296,181,827.25,93.7,884.95
30,1.5,1.52,0.4447,431,294,89,2.84,450,281,2931.6,96.15,3731.9
30,1.5,1.52,0.4570,427,288,94,1.98,456,291,1758.85,134.7,1502.15
30,1.5,1.49,0.4397,435,297,86,2.67,372,235,4276.3,127.75,3832.3
30,1.5,1.44,0.4643,421,288,97,2.01,252,154,1096.8,151.9,1053.65
30,1.5,1.51,0.4619,437,274,96,2.91,358,241,2807.75,99.9,3257.45
30,1.5,1.48,0.4447,431,297,88,2.80,234,154,655.45,119.65,467.3
30,1.5,1.61,0.4714,388,312,101,2.38,448,263,1162.1,106.7,1051.7
30,1.5,1.48,0.4619,444,273,94,2.65,410,274,1258.45,136.7,1317.05
30,1.5,1.36,0.4643,461,251,96,2.06,428,293,1394.6,152.55,958.5
30,1.5,1.53,0.4447,438,287,89,2.46,300,180,699,182.5,910.2
30,1.5,1.48,0.4619,431,280,96,2.34,366,231,2112.9,92.95,1207.2
30,1.5,1.55,0.4570,446,272,93,2.63,288,188,854.55,147.3,793.8
30,1.5,1.42,0.4595,427,289,94,2.09,266,179,323.25,60.45,229.6
30,1.5,1.47,0.4570,419,293,95,2.28,364,235,1963.45,86.4,1855.05
30,1.5,1.54,0.4447,427,298,89,2.42,348,222,1048.95,144.2,593.2
30,1.5,1.45,0.4320,464,274,83,2.76,446,295,1337.25,116.9,950.4
30,1.5,1.42,0.4472,467,253,91,2.55,342,221,1875.5,56.8,1651.85
30,1.5,1.45,0.4667,442,265,98,1.91,546,361,971.85,110.2,1418.45
30,1.5,1.48,0.4472,439,290,88,2.47,274,175,584.35,162.65,436.25
30,1.5,1.49,0.4784,440,263,101,1.99,222,143,381.9,190.55,349.4
30,1.5,1.54,0.4738,400,301,101,2.24,368,222,558.9,130.85,587.05
30,1.5,1.44,0.4570,468,244,95,2.19,238,153,518.05,58.7,581.25
30,1.5,1.39,0.4570,457,258,94,2.24,262,171,754,182.3,1115.85
30,1.5,1.41,0.4472,441,279,91,2.37,264,167,2297.3,153.1,1721.6
30,1.5,1.48,0.4497,436,288,90,2.26,334,213,3334.05,70.95,1716.65
30,1.5,1.43,0.4643,429,289,94,2.56,418,268,3925.6,137,4354.85
30,1.5,1.52,0.4595,428,282,96,2.23,290,176,648.15,64.1,681.85
30,1.5,1.39,0.4447,456,269,89,2.40,342,227,2899.85,131.3,2652.35
30,1.5,1.43,0.4667,440,267,98,2.03,174,112,486.85,39.75,552.3
30,1.5,1.59,0.4521,433,289,91,2.48,552,350,1384.1,120.15,2000.1
30,1.5,1.45,0.4667,434,270,99,2.34,404,270,971,107.95,880.25
30,1.5,1.42,0.4714,420,286,99,1.97,138,89,465.45,141.85,156.6
30,1.5,1.43,0.4497,442,276,92,1.98,490,322,2380.25,95.45,1906.2
30,1.5,1.40,0.4944,426,260,109,1.92,258,178,706.75,158.75,655.75
30,1.5,1.38,0.4570,464,260,91,2.34,224,146,333.55,36.05,151.9
30,1.5,1.42,0.4667,421,286,98,2.41,372,244,2657.2,139.25,1979.4
30,1.5,1.37,0.4570,447,265,95,2.51,200,124,635.45,81.05,562.65
30,1.5,1.40,0.4472,441,279,91,2.30,352,226,2173.75,96.4,1554.55
30,1.5,1.43,0.4714,443,260,100,2.12,304,208,398.25,57.7,329.45
30,1.5,1.49,0.4447,450,275,89,2.34,214,130,676.65,40.75,648.85
30,1.5,1.45,0.4667,428,279,98,2.33,310,205,728.9,72.75,659.45
30,1.5,1.49,0.4784,436,270,100,1.91,226,141,595.2,51.35,848.35
30,1.5,1.59,0.4619,437,274,96,2.07,250,154,1779.85,60,1086.4
30,1.5,1.40,0.4619,443,271,95,2.73,264,174,659.25,100.25,409.45
30,1.5,1.44,0.4667,439,268,98,2.20,336,214,784.85,178.5,924.6
30,1.5,1.42,0.4346,447,286,85,2.44,394,252,2985.05,128.3,1426.6
30,1.5,1.56,0.4346,414,316,86,2.59,348,215,1994.4,152.65,1922.05
30,1.5,1.48,0.4546,428,286,94,2.54,356,224,6022,61.35,4469.85
30,1.5,1.49,0.4422,438,289,88,2.76,152,92,1031.4,23.7,1131.35
30,1.5,1.55,0.4447,428,297,89,2.30,266,161,1183.2,41.85,1512.8
30,1.5,1.49,0.4570,440,281,92,2.16,134,80,506.55,33.4,226.5
30,1.5,1.46,0.4521,425,291,93,2.27,288,183,2583.6,162.4,2446.65
30,1.5,1.46,0.4761,436,266,101,2.27,362,232,2440.4,127.2,2653.65
30,1.5,1.56,0.4497,420,301,91,2.12,134,78,228.8,115.2,152.25
30,1.5,1.38,0.4295,482,252,84,3.10,250,161,526.7,63.4,533.25
30,1.5,1.59,0.4521,428,288,93,2.32,152,91,75.75,75.15,90.1
30,1.5,1.47,0.4690,408,294,100,2.88,448,284,2122,106.6,2785.45
30,1.5,1.45,0.4595,430,283,95,2.23,138,81,342.15,21.9,186.4
30,1.5,1.51,0.4110,453,298,76,3.05,320,208,830.3,61.65,960.2
30,1.5,1.48,0.4570,433,279,95,2.18,232,136,852.55,65.9,1048.35
30,1.5,1.34,0.4643,458,254,96,2.32,426,294,2637.95,140.95,2664.95
30,1.5,1.54,0.4714,411,292,100,2.04,142,85,430.75,48.25,166.8
30,1.5,1.44,0.4447,426,296,90,2.73,132,80,163.55,95.8,66
30,1.5,1.33,0.4447,467,258,89,2.40,354,242,1343.4,71.15,1111.85
30,1.5,1.58,0.4570,436,282,93,2.58,252,167,1615.3,153.7,809
30,1.5,1.44,0.4570,439,285,91,2.20,314,199,556.65,166.1,838.65
30,1.5,1.46,0.4570,431,281,95,2.16,298,181,266.2,52.15,269.55
30,1.5,1.54,0.4714,413,293,99,2.23,416,265,4886.75,114.15,4328.3
30,1.5,1.51,0.4472,440,286,89,2.94,406,257,2054.55,134.35,1896.6
30,1.5,1.57,0.4422,428,296,89,1.99,436,276,1953.45,121.3,883.55
30,1.5,1.46,0.4472,443,283,89,3.42,300,201,2322.75,97.2,1546.4
30,1.5,1.53,0.4714,430,279,98,2.10,240,157,532.7,58.15,562.6
30,1.5,1.54,0.4346,426,304,86,2.44,320,196,1236.15,152.5,826.35
30,1.5,1.49,0.4784,435,271,100,1.86,326,220,1069.9,159.05,1032.1
30,1.5,1.48,0.4595,440,282,92,2.24,404,255,980.75,99,1442.1
30,1.5,1.50,0.4667,441,266,98,2.13,490,327,1873.55,142.35,2436.3
30,1.5,1.46,0.4472,447,273,91,2.24,524,341,705.7,119.4,875.85
30,1.5,1.48,0.4346,447,289,84,2.75,178,111,604.2,31.6,357.1
30,1.5,1.54,0.4667,431,276,98,2.06,218,134,1599.65,88.75,641.15
30,1.5,1.45,0.4738,403,298,101,2.06,278,173,1289.95,42.65,514.85
30,1.5,1.38,0.4619,458,253,96,2.08,222,141,192.3,203.6,267.1
30,1.5,1.51,0.4595,411,299,96,2.84,344,209,2388.55,65.7,2721.45
30,1.5,1.65,0.4163,406,338,79,2.84,452,268,581.95,112.85,395.45
30,1.5,1.45,0.4738,449,255,100,2.3,206,134,723,209.5,891.4
30,1.5,1.55,0.4546,415,299,94,1.91,344,219,4541.45,124.35,3516.2
30,1.5,1.45,0.4546,433,284,93,2.35,208,134,364.35,160.35,373.95
30,1.5,1.42,0.4497,432,289,91,2.38,260,165,408.3,55.85,213.25
30,1.5,1.39,0.4667,445,265,97,2.58,358,229,721.6,163.4,653.85
30,1.5,1.47,0.4497,435,292,89,2.36,286,178,371.25,50.55,386.45
30,1.5,1.44,0.4546,444,270,94,2.21,176,111,459.85,57.9,223.1
30,1.5,1.38,0.4521,458,264,91,2.31,288,191,1341.45,65.75,882.75
30,1.5,1.54,0.4619,438,279,94,2.01,392,259,4320.8,126.95,4556.2
30,1.5,1.55,0.4472,433,293,89,2.65,226,152,254.8,38,455.1
30,1.5,1.55,0.4497,419,299,92,2.45,374,225,3890.55,117.05,3463.1
30,1.5,1.49,0.4447,420,302,90,2.47,246,157,204.15,101.2,185.7
30,1.5,1.45,0.4346,449,284,85,2.26,264,164,1507.05,65.35,793.8
30,1.5,1.52,0.4497,447,277,90,2.67,222,144,1280.8,91.8,773
30,1.5,1.45,0.4447,433,292,89,2.20,356,232,845.85,85.15,856.75
30,1.5,1.49,0.4521,425,294,92,2.11,198,115,265.1,36.4,334.6
30,1.5,1.46,0.4546,439,278,93,2.09,288,178,2311.35,154.45,1296.65
30,1.5,1.45,0.4521,441,278,92,2.14,458,289,1886.95,137,2152
30,1.5,1.44,0.4667,446,267,96,2.23,236,149,1897.2,39.5,804.85
30,1.5,1.43,0.4667,424,283,98,2.55,284,171,775.3,56.45,531.5
30,1.5,1.45,0.4497,443,281,90,2.24,182,115,1045.1,73.95,652.65
30,1.5,1.40,0.4570,445,270,94,2.60,256,162,1956.3,65.55,1413.75
30,1.5,1.44,0.4472,437,286,90,2.22,188,131,1030.45,94.5,1121.65
30,1.5,1.45,0.4472,443,277,91,2.07,172,118,791.15,121.2,271.3
30,1.5,1.51,0.4667,429,281,97,2.14,446,287,1478.65,95.7,1530.4
30,1.5,1.46,0.4397,445,284,87,2.37,426,268,1430.05,88.45,1031
30,1.5,1.47,0.4397,438,291,87,2.49,148,101,538.6,56.05,197.5
30,1.5,1.55,0.4422,426,304,87,2.71,406,256,867.4,91.5,946.65
30,1.5,1.41,0.4546,457,260,93,2.24,262,179,244.75,123.8,256.5
30,1.5,1.42,0.4546,446,274,92,2.5,182,118,122.45,205.8,188.7
30,1.5,1.44,0.4643,435,283,94,2.63,278,191,2799.7,109.95,2934.8
30,1.5,1.40,0.4422,448,279,88,2.31,294,187,377.2,114.3,133.7
30,1.5,1.53,0.4163,460,284,79,2.70,258,180,528.45,50.95,653.15
30,1.5,1.42,0.4853,434,260,105,2.2,108,69,167.55,109.2,30.8
30,1.5,1.39,0.4269,464,275,82,3.11,392,248,2507.25,149.35,2443.45
30,1.5,1.46,0.4521,431,291,91,2.48,212,145,1557.15,68.25,730.3
30,1.5,1.44,0.4422,457,270,88,2.58,214,143,1713.4,68.75,815.75
30,1.5,1.49,0.4497,424,297,91,2.52,534,339,1193.8,114.2,1260.4
30,1.5,1.51,0.4667,417,287,99,2.03,384,236,1409.15,87.8,1657.5
30,1.5,1.45,0.4595,463,253,94,2.66,240,170,207,51.2,287.05
30,1.5,1.58,0.4546,414,303,93,2.33,426,249,2286.95,109.3,1908.2
30,1.5,1.47,0.4447,436,295,87,2.47,220,130,516.75,48.9,629.55
30,1.5,1.43,0.4472,455,268,90,2.31,274,178,1921.5,172.35,1123.8
30,1.5,1.4,0.4667,440,273,96,2.15,286,184,912.55,160.7,718.45
30,1.5,1.52,0.4346,452,281,85,2.02,412,255,5991.35,139.35,5438.6
30,1.5,1.54,0.4422,438,289,88,2.35,206,121,628.25,34.05,391.15
30,1.5,1.49,0.4422,434,293,88,2.17,492,309,1637.9,100.75,1889.3
30,1.5,1.50,0.4619,418,293,96,1.92,320,210,1317.2,167.35,1421.35
30,1.5,1.52,0.4570,434,281,94,2.49,298,194,2445.15,132.45,2685.1
30,1.5,1.55,0.4497,451,273,90,2.47,206,136,594.45,70.65,637.8
30,1.5,1.54,0.4397,434,292,88,2.57,324,206,5110.5,70.5,3152.35
30,1.5,1.46,0.4472,436,287,90,2.38,460,295,2240.35,113.25,2584.85
30,1.5,1.5,0.4667,419,294,96,3.13,354,224,3729.05,82.25,2015.75
30,1.5,1.35,0.4667,446,264,97,2.11,342,236,2256.75,107.2,1228.55
30,1.5,1.43,0.4595,438,272,96,2.27,348,220,2348.25,126.05,1992.5
30,1.5,1.45,0.4667,430,274,99,2.23,250,164,2624.35,142.8,1356.9
30,1.5,1.49,0.4497,440,281,91,2.91,132,82,202,21.5,299.1
30,1.5,1.55,0.4570,429,289,93,2.53,422,258,651.45,140.8,847.35
30,1.5,1.49,0.4738,442,268,98,2.09,348,231,3007.4,75.95,1154.25
30,1.5,1.48,0.4853,420,274,105,2.23,304,201,1314.35,169.3,1342.5
30,1.5,1.58,0.4595,415,307,92,2.32,226,135,137,117.05,176.05
30,1.5,1.41,0.4521,429,287,93,2.18,370,239,1760.3,72.15,990.15
30,1.5,1.47,0.4667,415,292,98,2.12,270,167,611.7,181.5,601.7
30,1.5,1.40,0.4643,447,271,94,2.57,368,230,449.25,61.55,504.55
30,1.5,1.47,0.4546,464,253,93,2.13,260,170,896.45,177.2,1135.05
30,1.5,1.44,0.4372,432,296,87,2.63,282,187,533.5,146.2,596.8
30,1.5,1.52,0.4570,430,288,93,2.40,236,138,6162.85,108.5,3568.9
30,1.5,1.5,0.4521,446,273,92,2.28,158,110,501.25,22.85,162.45
30,1.5,1.36,0.4761,446,262,99,2.23,186,128,710.95,75.6,374.35
30,1.5,1.43,0.4989,411,274,110,2.08,358,228,1056.45,121.55,720.55
30,1.5,1.50,0.4397,443,283,88,2.66,188,125,182,78.95,116.6
30,1.5,1.42,0.4619,440,274,95,2.66,272,176,826.85,169.2,652.1
30,1.5,1.45,0.4690,439,266,99,1.85,372,245,2349.75,109.2,2100.95
30,1.5,1.55,0.4447,433,289,90,2.5,266,172,2216.1,89.15,958.8
30,1.5,1.39,0.4570,455,263,93,2.40,218,143,609.35,154.15,291
30,1.5,1.49,0.4422,461,275,85,2.79,270,173,409.15,146.4,294.4
30,1.5,1.62,0.4372,425,306,86,2.69,458,281,1423.4,107.5,1682.5
30,1.5,1.58,0.4397,434,292,88,2.41,392,248,2130.55,149.25,1458.7
30,1.5,1.56,0.4546,414,303,93,2.32,204,130,226.6,194,326.9
30,1.5,1.45,0.4497,446,278,90,2.22,246,151,860.15,60.8,698.65
30,1.5,1.51,0.4595,427,289,94,2.47,386,250,2945.2,91.55,3482.7
30,1.5,1.5,0.4269,463,279,81,2.77,478,319,2846.9,152.1,2751.2
30,1.5,1.59,0.4643,431,278,97,2.24,190,122,148.65,34.1,137.65
30,1.5,1.40,0.4570,430,282,95,2.66,288,195,4724.15,66.85,3673.35
30,1.5,1.57,0.4472,427,299,89,2.21,240,145,573.05,84.55,233.4
30,1.5,1.50,0.4690,436,275,97,1.89,382,241,2368.5,121.85,2130.85
30,1.5,1.46,0.4546,442,275,93,2.35,456,297,2093.9,136.95,2474
30,1.5,1.43,0.4570,446,272,93,2.14,370,252,2577.8,111.55,1873.4
30,1.5,1.52,0.4397,435,294,87,2.37,404,259,1297.75,142.85,1472.75
30,1.5,1.58,0.4082,456,294,76,2.79,214,137,884.8,101.45,513.45
30,1.5,1.47,0.4690,441,267,98,1.99,294,203,1025.2,83.5,544.4
30,1.5,1.55,0.4619,446,271,94,2.05,246,158,210.65,159.45,280.15
30,1.5,1.49,0.4472,430,293,90,2.51,260,157,122.85,131.1,162
30,1.5,1.46,0.4447,428,294,90,2.27,484,310,1096.1,108.8,877.7
30,1.5,1.54,0.4643,448,261,97,2.35,210,128,316.75,35.8,625.3
30,1.5,1.40,0.4447,444,281,89,3,476,305,2570.35,107.8,2513.8
30,1.5,1.44,0.4521,449,276,90,2.64,152,105,139.75,124.65,55.85
30,1.5,1.48,0.4667,455,258,96,1.95,324,216,1471.15,168.9,1728.95
30,1.5,1.38,0.4853,428,263,106,2.13,328,211,1714.5,92.5,2480.05
30,1.5,1.47,0.4570,429,289,93,2.30,350,218,1029.8,161.95,1363.65
30,1.5,1.46,0.4372,440,288,87,2.54,326,219,691.7,176.65,401.8
30,1.5,1.49,0.4521,433,286,92,2.41,248,143,385.55,50.65,345.85
30,1.5,1.42,0.4595,424,289,95,2.08,182,114,916.4,43.6,958.45
30,1.5,1.50,0.4472,440,283,90,2.44,382,244,1119.35,99.25,623.4
30,1.5,1.63,0.4269,434,302,83,2.29,190,121,538.35,108.95,223.8
30,1.5,1.54,0.4690,430,284,96,2.73,200,124,672.55,155.25,303.35
30,1.5,1.52,0.4163,468,276,79,2.71,400,256,2654.2,109.35,1348.2
30,1.5,1.46,0.4807,405,290,104,1.93,410,258,2194.25,93.05,2938.95
30,1.5,1.53,0.4690,439,266,99,1.98,210,141,171.05,37,181
30,1.5,1.46,0.4521,429,290,92,2.23,312,188,1361.95,89.65,1400.5
30,1.5,1.49,0.4761,431,280,98,2.31,448,280,2844.65,146.1,3112.85
30,1.5,1.54,0.4472,437,283,91,2.40,292,186,366.75,136.8,231.7
30,1.5,1.49,0.4447,460,265,89,2.47,158,108,642.65,29.3,452.95
30,1.5,1.61,0.4497,414,310,90,2.69,322,206,825.65,124.3,531.85
30,1.5,1.49,0.4570,438,274,95,2.35,384,254,754.25,156.3,776.1
30,1.5,1.46,0.4472,436,287,90,2.27,374,241,1674.7,127,1041.45
30,1.5,1.49,0.4397,451,275,88,2.41,156,100,388.85,24.9,747
30,1.5,1.48,0.4690,428,274,100,1.92,262,164,734.15,82.3,310.3
30,1.5,1.37,0.4619,439,272,96,2.26,314,203,1298.6,150.65,663.9
30,1.5,1.46,0.4738,434,267,101,1.91,234,149,88.75,34.6,140.2
30,1.5,1.46,0.4595,431,282,95,2.4,448,277,1952.6,104.5,2063.7
30,1.5,1.50,0.4372,456,275,86,2.58,312,206,2361.35,67.4,2025.5
30,1.5,1.48,0.4497,436,288,90,2.49,462,280,1044.55,105.85,1346.5
30,1.5,1.55,0.4690,436,275,97,1.95,382,239,1225.5,133.85,585.75
30,1.5,1.46,0.4690,399,303,100,2.07,304,190,596.2,185.5,286.55
30,1.5,1.48,0.4667,444,266,97,2.16,392,260,2153.2,146.9,1154.1
30,1.5,1.52,0.4643,430,282,96,2.72,272,179,1417.15,54.55,1989.55
30,1.5,1.43,0.4595,447,266,95,2.27,290,186,1596.3,103.9,1040.75
30,1.5,1.47,0.4447,439,283,90,2.13,272,185,1798.3,97.55,879.25
30,1.5,1.45,0.4899,417,276,106,1.98,414,279,4295.05,153.85,2182.25
30,1.5,1.49,0.4784,413,281,104,1.94,188,118,1551,25.7,790.7
30,1.5,1.59,0.4643,390,319,97,2.29,170,104,1171.4,22.7,485.95
30,1.5,1.47,0.4667,426,284,97,2.68,484,301,1149.25,112.3,1457.2
30,1.5,1.44,0.4643,429,283,96,2.02,304,201,676.5,169,682
30,1.5,1.56,0.4422,434,290,89,2.26,240,145,313.5,75.15,158.4
30,1.5,1.51,0.4243,470,274,80,2.59,170,108,2590.8,63.85,1337.05
30,1.5,1.48,0.4397,434,295,87,2.32,240,145,313.6,33.75,351.35
30,1.5,1.46,0.4346,462,268,86,2.47,476,319,2382.25,149.85,1677.35
30,1.5,1.46,0.4497,443,281,90,2.28,316,196,265.15,169.75,256.35
30,1.5,1.49,0.4570,430,282,95,2.46,366,241,1348.1,140.75,1519.1
30,1.5,1.41,0.4497,454,264,92,2.37,470,304,1485.35,136.05,1384.6
30,1.5,1.52,0.4295,451,295,80,2.59,268,166,387.7,50.85,606.5
30,1.5,1.43,0.4447,457,268,89,2.24,206,132,2365.8,45.85,2499.55
30,1.5,1.49,0.4643,441,268,97,2.58,336,216,1451.6,124.85,720.6
30,1.5,1.38,0.4643,445,264,97,1.95,238,160,323.55,152.15,232.25
30,1.5,1.49,0.4497,447,274,91,2.27,258,164,1199.1,56.65,1022.2
30,1.5,1.46,0.4372,460,274,85,2.42,206,137,239.4,88.15,144.8
30,1.5,1.58,0.4472,448,272,91,2.32,278,176,288.65,193.85,561.6
30,1.5,1.50,0.4397,424,305,87,2.38,354,219,1491.75,147.35,1489.5
30,1.5,1.40,0.4595,425,285,96,2.54,328,209,7778.9,177.35,10092.75
30,1.5,1.48,0.4714,411,295,99,2.18,490,300,1936.85,112.5,1858.05
30,1.5,1.52,0.4422,425,302,88,3,240,135,1685.8,68.15,2199.45
30,1.5,1.60,0.4472,421,299,91,2.12,168,106,220.15,34.9,312.05
30,1.5,1.53,0.4397,422,307,87,2.23,270,162,513.55,115.2,501
30,1.5,1.42,0.4570,460,258,93,2.38,222,148,2031.9,63.6,1633.95
30,1.5,1.47,0.4346,466,267,85,2.4,262,180,181.95,47.45,266.2
30,1.5,1.44,0.4546,451,266,93,2.25,286,193,347.45,182.05,342.8
30,1.5,1.51,0.4521,432,290,91,2.52,456,286,980.5,101.45,933.9
30,1.5,1.53,0.4346,414,322,84,2.82,186,110,667.6,77.25,359.4
30,1.5,1.43,0.4472,414,309,90,3.08,290,176,491.85,185.55,532.7
30,1.5,1.49,0.4216,450,293,80,2.61,312,204,149.55,56.75,198.5
30,1.5,1.39,0.4422,469,258,88,2.49,312,210,940.4,65.65,795.6
30,1.5,1.44,0.4497,446,275,91,2.40,288,189,484.75,183.45,387.6
30,1.5,1.47,0.4784,423,277,102,2.04,252,160,1733,116.5,810.2
30,1.5,1.40,0.4295,455,279,84,2.63,318,201,893.35,108.5,692
30,1.5,1.42,0.4546,448,269,93,2.27,196,129,460.95,93.8,261
30,1.5,1.55,0.4320,428,304,85,2.81,474,281,824.1,148.7,726.85
30,1.5,1.44,0.4546,435,282,93,2.29,260,154,785.9,187.95,891.15
30,1.5,1.46,0.4447,440,285,89,2.27,298,177,6344.9,57.3,7293
30,1.5,1.46,0.4497,447,271,92,2.5,340,220,4421.6,154.05,5129.55
30,1.5,1.43,0.4690,423,291,96,2.42,214,135,1264.55,175.75,1581.1
30,1.5,1.46,0.4595,435,278,95,2.67,142,96,1186.05,153.95,458.3
30,1.5,1.48,0.4447,437,291,88,2.56,468,303,1364.1,124.7,1637.35
30,1.5,1.44,0.4690,424,278,100,2.2,172,107,652.15,187,346.05
30,1.5,1.46,0.4570,446,275,92,2.36,330,219,1297.55,64.9,1115.7
30,1.5,1.39,0.4619,444,270,95,2.16,248,153,153.4,43.25,118.5
30,1.5,1.46,0.4738,426,275,101,2.15,314,196,837.9,71.65,618.05
30,1.5,1.48,0.4619,444,267,96,2.19,210,142,655.1,55.1,624.6
30,1.5,1.50,0.4397,457,272,87,2.36,262,176,160.85,183.85,177.45
30,1.5,1.38,0.4521,451,265,93,3.45,126,79,99,115.1,35.1
30,1.5,1.56,0.4397,441,288,87,2.32,280,179,463.05,50.25,472.8
30,1.5,1.61,0.4243,432,309,81,3.04,296,174,1368.2,92.4,789.2
30,1.5,1.58,0.4447,398,324,90,2.39,382,226,2265.9,113.6,1491.2
30,1.5,1.63,0.4472,402,318,91,2.44,178,95,225.45,192.95,117.15
30,1.5,1.50,0.4472,424,302,89,2.46,218,132,92.3,33.9,119.25
30,1.5,1.47,0.4422,449,278,88,2.52,194,126,927.3,26.1,997.4
30,1.5,1.41,0.4619,458,250,97,1.76,388,263,3010,88.2,2960.35
30,1.5,1.49,0.4447,432,290,90,2.59,220,142,1213.75,111.25,491.75
30,1.5,1.52,0.4472,447,279,89,2.48,338,215,5998.95,171.85,5101.75
30,1.5,1.35,0.4447,448,274,90,2.49,324,212,1318.8,170.3,942.6
30,1.5,1.52,0.4546,438,282,92,2.49,320,213,681.95,168,911.6
30,1.5,1.49,0.4714,434,272,99,2.18,200,125,328.05,157.9,308.45
30,1.5,1.47,0.4761,426,282,99,2.07,262,166,1337.7,147.1,892.8
30,1.5,1.53,0.4643,426,286,96,2.22,382,240,3310.55,145.05,1938.85
30,1.5,1.54,0.4497,431,287,92,2.70,184,110,681.5,47.15,1026.2
30,1.5,1.46,0.4761,433,263,103,2.04,208,138,221.75,42.7,299
30,1.5,1.54,0.4619,422,289,96,2.36,142,93,198.45,29.25,292
30,1.5,1.49,0.4521,440,276,93,2.42,414,271,3597.6,140.75,3412.5
30,1.5,1.46,0.4546,425,289,94,2.18,200,117,1267.4,70.65,552
30,1.5,1.40,0.4619,434,274,97,2.38,240,148,436.35,37.5,380.45
30,1.5,1.49,0.4738,422,285,99,2.56,356,233,2584.75,144.9,2005.35
30,1.5,1.45,0.4497,426,292,92,2.33,270,171,451.95,49.3,571.05
30,1.5,1.54,0.4320,449,283,85,2.65,412,264,327.5,73.25,487.05
30,1.5,1.41,0.4372,464,264,87,2.66,312,204,345.3,71.25,429.25
30,1.5,1.38,0.4619,439,269,97,2.32,386,242,743.15,73.95,780.7
30,1.5,1.46,0.4643,414,292,98,2.17,232,148,609.25,190.8,502.45
30,1.5,1.52,0.4643,418,294,96,2.22,324,211,520.8,61.15,641.15
30,1.5,1.52,0.4472,428,292,91,2.52,118,72,186.3,157.1,62.1
30,1.5,1.46,0.4570,443,272,94,2.36,244,165,839.45,185.2,805.3
30,1.5,1.59,0.4372,463,265,87,3.16,206,132,1668,185.45,2500.4
30,1.5,1.46,0.4397,466,260,88,2.32,378,243,784.65,162.15,886.55
30,1.5,1.48,0.4570,447,271,93,2.41,546,352,1006.7,120.4,1035.15
30,1.5,1.46,0.4570,440,275,94,1.91,236,150,1382.4,40.45,891.75
30,1.5,1.60,0.4667,408,302,97,2.43,198,114,1330.5,31.2,576.25
30,1.5,1.47,0.4521,430,289,92,2.30,448,278,704.8,86.7,717
30,1.5,1.50,0.4397,451,281,86,2.51,254,177,122.55,41,172.95
30,1.5,1.48,0.4690,422,283,99,1.97,288,173,1332.8,131.85,467.15
30,1.5,1.62,0.4472,427,293,91,2.36,188,117,691.85,164.9,585.1
30,1.5,1.49,0.4521,441,284,90,2.26,244,156,153.6,192.9,213.45
30,1.5,1.48,0.4521,431,291,91,2.12,178,108,152.5,32.7,252.05
30,1.5,1.50,0.4497,452,269,91,2.11,146,101,24.45,20.5,22
30,1.5,1.39,0.4667,456,257,96,2.11,372,250,1325,87.3,1296.15
30,1.5,1.49,0.4546,433,281,94,2.21,226,141,193.7,36.85,106.2
30,1.5,1.60,0.4372,433,298,86,3.09,250,160,1192.85,66.75,1235.7
30,1.5,1.46,0.4397,439,287,88,2.22,420,269,3500.1,93.2,2185.65
30,1.5,1.37,0.4876,441,248,107,1.90,162,106,630.75,42.85,562.3
30,1.5,1.47,0.4447,439,283,90,2.24,242,152,1195.35,64.35,875.15
30,1.5,1.50,0.4546,445,272,93,1.99,540,350,990.4,119.5,1164.65
30,1.5,1.48,0.4397,436,290,88,2.25,444,270,2919.3,87.6,2903.95
30,1.5,1.49,0.4422,461,263,89,2.30,156,98,500.3,146.2,157.35
30,1.5,1.52,0.4422,431,296,88,2.59,454,285,1253.65,118.05,1334.3
30,1.5,1.39,0.4830,434,268,102,2.25,168,108,1141.8,155.1,481.5
30,1.5,1.49,0.4497,432,286,92,2.18,326,200,460.15,73.6,220.45
30,1.5,1.45,0.4619,448,266,95,2.4,306,204,1104.9,46.9,861.95
30,1.5,1.66,0.4546,414,303,93,2.71,348,207,4008.75,98.75,3570.6
30,1.5,1.51,0.4667,405,302,98,2.43,176,118,229.9,110.2,103.35
30,1.5,1.45,0.4472,438,285,90,2.46,272,163,270.55,182.9,362.05
30,1.5,1.50,0.4372,442,286,87,2.20,322,200,1051.95,116.9,558.75
30,1.5,1.49,0.4595,427,286,95,2.32,336,226,533.9,73.8,899
30,1.5,1.59,0.4619,410,304,95,2.82,368,218,11310.55,157.4,10186.6
30,1.5,1.37,0.4853,437,263,103,2.34,508,329,1362.75,117.05,1229.35
30,1.5,1.52,0.4619,411,300,96,2.04,244,155,665.45,57.8,1038.65
30,1.5,1.39,0.4643,435,277,96,2.29,396,259,2624.9,136.7,1867
30,1.5,1.46,0.4714,435,271,99,2.10,336,223,359.9,165.1,470.8
30,1.5,1.56,0.4163,436,308,79,2.56,358,229,3756.25,94.75,3416.55
30,1.5,1.54,0.4521,430,292,91,2.45,170,111,698.9,41.8,928.2
30,1.5,1.52,0.4619,432,285,94,2.30,286,176,818.15,166.6,452.3
30,1.5,1.38,0.4472,442,281,90,2.12,312,198,992.75,171.15,1007.3
30,1.5,1.59,0.4447,429,293,90,2.21,334,210,1375.8,81.4,1466.1
30,1.5,1.57,0.4372,418,310,87,2.92,226,136,1026.75,82.55,468.75
30,1.5,1.43,0.4922,418,279,105,2.23,338,216,681.2,138.9,569.45
30,1.5,1.42,0.4643,433,279,96,2.66,200,128,1258.95,37.45,1863.05
30,1.5,1.46,0.4619,423,294,94,2.54,374,243,973.4,152.6,750.8
30,1.5,1.50,0.4546,422,292,94,2.30,302,188,3504.55,50.05,1888.15
30,1.5,1.56,0.4320,442,290,85,2.51,106,65,69,20.3,131.55
30,1.5,1.53,0.4447,450,272,90,2.18,206,133,1296,95.9,541.35
30,1.5,1.47,0.4667,418,292,97,2.39,182,121,611.95,179.35,421.45
30,1.5,1.54,0.4521,427,292,92,2.26,414,273,4326.6,101.75,4315.25
30,1.5,1.44,0.4397,455,271,88,2.85,160,92,175.1,32.95,158.05
30,1.5,1.47,0.4447,423,302,89,2.29,420,261,2608.85,140.1,2428.85
30,1.5,1.49,0.4807,429,284,98,1.90,372,236,597.8,106.7,731.55
30,1.5,1.39,0.4472,453,267,91,2.51,234,151,573.75,54.35,761.65
30,1.5,1.54,0.4643,428,284,96,2.28,274,165,2216.05,121.25,754.6
30,1.5,1.53,0.4595,436,277,95,2.14,506,332,1447.85,97.85,1630.7
30,1.5,1.57,0.4346,443,290,85,2.54,460,282,1162.2,109.35,1495.1
30,1.5,1.45,0.4346,435,295,86,2.30,462,290,1687.85,108,1682.6
30,1.5,1.51,0.4472,437,289,89,2.15,342,221,421.35,116.2,200
30,1.5,1.48,0.4497,433,285,92,2.28,266,164,645.85,126.4,243.8
30,1.5,1.45,0.4472,448,272,91,2.35,158,100,551.9,23.4,171.65
30,1.5,1.50,0.4643,452,257,97,2.28,274,177,859.25,136.6,726
30,1.5,1.56,0.4269,450,289,82,2.67,284,177,797.5,110.2,534.85
30,1.5,1.44,0.4472,444,276,91,2.22,190,117,111.8,117.05,86.9
30,1.5,1.48,0.4422,449,281,87,2.49,338,221,816.55,67.7,1087.7
30,1.5,1.44,0.4447,455,267,90,2.22,248,154,397.55,79.45,553.1
30,1.5,1.44,0.4216,457,286,80,2.88,324,216,3154.05,69.6,2510.25
30,1.5,1.47,0.4595,436,274,96,2.31,230,143,1911.85,77.25,1335.3
30,1.5,1.57,0.4714,409,297,99,2.52,132,80,937.9,40.25,676.95
30,1.5,1.33,0.4667,455,264,94,2.45,410,263,562.85,140.85,649.85
30,1.5,1.45,0.4643,442,267,97,2.41,216,147,3037.1,43.6,1714.95
30,1.5,1.51,0.4216,445,301,79,3.85,194,116,851.35,116.05,371.15
30,1.5,1.58,0.4570,434,281,94,2.17,400,237,1776.8,166.35,981.8
30,1.5,1.39,0.4346,432,298,86,2.99,318,192,1445.5,78.05,1200.95
30,1.5,1.59,0.4372,427,301,87,2.61,348,223,4616.15,160.45,3087.75
30,1.5,1.53,0.4546,424,290,94,2.36,324,195,351.55,176.9,461.7
30,1.5,1.45,0.4667,428,279,98,2.30,448,297,1266.35,124.8,1226.45
30,1.5,1.49,0.4570,437,281,93,2.31,208,137,3094.9,127.75,1589.15
30,1.5,1.43,0.4643,452,263,95,2.22,244,163,428.1,81.7,210.5
30,1.5,1.37,0.4714,452,254,99,2.12,300,208,591.05,156.8,325.85
30,1.5,1.51,0.4422,441,286,88,2.44,384,239,1947.95,72.5,2107.95
30,1.5,1.53,0.4619,420,297,94,2.13,160,93,112.85,208.5,209.5
30,1.5,1.40,0.4472,459,264,90,2.08,316,215,1289.35,172.7,1768.4
30,1.5,1.52,0.4714,420,286,99,2.20,406,254,2959.2,143.45,2871.7
30,1.5,1.47,0.4690,414,303,95,2.45,394,256,1148.9,94.4,1244.35
30,1.5,1.52,0.4738,430,274,100,2.15,176,104,70.55,151,42.45
30,1.5,1.52,0.4372,438,293,86,2.40,274,188,777.25,56,874.6
30,1.5,1.59,0.4570,431,284,94,2.45,356,239,6147.95,77.75,4926.2
30,1.5,1.49,0.4497,452,272,90,2.33,324,209,1708.05,96.65,1090.05
30,1.5,1.53,0.4497,444,277,91,2.43,284,184,383.15,181,501
30,1.5,1.47,0.4521,437,285,91,2.10,500,311,1680.7,116,1346.85
30,1.5,1.39,0.4667,443,267,97,1.90,138,80,37.85,69.85,47.7
30,1.5,1.51,0.4320,438,294,85,2.73,402,263,2038.3,111.45,1774.3
30,1.5,1.48,0.4497,424,300,90,2.31,296,187,1827.1,60.55,783.55
30,1.5,1.45,0.4690,425,283,98,2.37,264,168,739.7,148.2,1286.8
30,1.5,1.47,0.4690,416,292,98,2.20,396,260,3545.25,159.95,2567.9
30,1.5,1.54,0.4447,456,275,87,2.02,196,126,96.3,35.4,148.65
30,1.5,1.47,0.4595,442,274,94,2.10,362,237,1189.55,76.55,1202.4
30,1.5,1.56,0.4472,425,298,90,2.37,476,300,3411.4,90.75,3456.9
30,1.5,1.61,0.4570,415,297,95,2.05,284,176,2605.95,115.2,1470.05
30,1.5,1.49,0.4521,413,303,93,2.72,258,163,471.7,45.25,517.4
30,1.5,1.51,0.4570,453,262,94,1.98,228,160,275.85,166.5,372.55
30,1.5,1.51,0.4422,421,306,88,2.59,348,217,1335.1,145.05,669
30,1.5,1.49,0.4643,435,274,97,2.09,404,268,5153.9,124.5,3694.1
30,1.5,1.55,0.3972,469,289,72,2.79,232,149,450.95,108.55,189.25
30,1.5,1.44,0.4447,451,274,89,2.37,294,186,924.8,168.6,722.9
30,1.5,1.46,0.4546,416,298,94,2.27,446,262,1632.75,80.3,1477
30,1.5,1.43,0.4667,440,273,96,2.58,200,127,851.9,154.6,749.4
30,1.5,1.43,0.4595,435,281,94,2.30,390,244,2751.8,132.75,2926.2
30,1.5,1.60,0.4397,435,294,87,2.99,362,212,2681.35,90.35,2565.35
30,1.5,1.57,0.4570,435,283,93,2.01,430,268,3121,135.2,2288.45
30,1.5,1.46,0.4422,440,287,88,2.42,312,197,832.7,63.5,1080.25
30,1.5,1.47,0.4570,418,297,94,2.20,440,272,1113.05,114.1,1010.25
30,1.5,1.47,0.4521,437,282,92,2.73,222,142,356.45,44.25,297.3
30,1.5,1.51,0.4397,456,270,88,2.08,298,197,511.5,90.8,338.95
30,1.5,1.61,0.4269,418,321,82,2.84,164,105,373.7,200,533.65
30,1.5,1.40,0.4346,454,276,86,2.57,428,282,2202.3,86,2218.1
30,1.5,1.40,0.4447,458,267,89,2.11,360,232,4659.55,117.25,3719.7
30,1.5,1.57,0.4595,431,285,94,1.87,252,154,1929.95,114.9,808.9
30,1.5,1.44,0.4521,462,263,90,2.41,460,306,3583.95,122.8,3754.1
30,1.5,1.52,0.4595,422,294,94,2.99,108,66,197.75,97.95,52.25
30,1.5,1.55,0.4397,440,292,86,2.62,444,278,1383.45,125.35,1272.75
30,1.5,1.45,0.4690,421,284,99,1.96,312,204,1971.4,64.75,1547.15
30,1.5,1.36,0.4619,459,252,96,2.11,252,167,225.4,173,213.35
30,1.5,1.48,0.4397,444,282,88,2.76,476,322,1207.9,109.4,1386.7
30,1.5,1.45,0.4422,426,298,89,2.51,180,122,533.4,196.55,731.25
30,1.5,1.49,0.4372,445,286,86,2.62,314,203,1496.05,86.8,1585.35
30,1.5,1.46,0.4619,440,271,96,2.23,350,219,479,127.15,439.75
30,1.5,1.45,0.4570,440,272,95,1.83,192,115,1042.95,183.05,397.2
30,1.5,1.57,0.4472,433,287,91,2.43,422,258,4048,97.3,3351.35
30,1.5,1.53,0.4346,443,290,85,2.39,306,187,3618.2,188.45,2285.45
30,1.5,1.46,0.4667,415,289,99,2.05,326,202,2928.95,101.35,2683.4
30,1.5,1.53,0.4570,416,302,93,2.51,340,200,3115.75,98.25,2634.8
30,1.5,1.55,0.4570,430,294,91,2.40,326,202,330.8,178,518.55
30,1.5,1.42,0.4807,447,248,104,2.29,302,204,5718.9,157.5,3629.75
30,1.5,1.49,0.4320,454,278,85,2.62,324,200,908.65,48.65,1016.85
30,1.5,1.44,0.4546,432,282,94,2.07,388,234,4993.7,89.95,5765.8
30,1.5,1.42,0.4667,421,289,97,2.29,250,165,529,166.8,577.1
30,1.5,1.55,0.4761,426,285,98,2.33,316,197,3866.45,64.3,2265.9
30,1.5,1.53,0.4497,451,273,90,2.3,304,197,749.5,59.1,860.8
30,1.5,1.51,0.4619,435,282,94,2.11,236,145,158.4,37.15,237.7
30,1.5,1.53,0.4807,409,292,102,2.09,302,184,2587.25,159.6,2851.25
30,1.5,1.50,0.4372,466,262,87,2.47,350,235,6879.6,124.45,6736.2
30,1.5,1.40,0.4714,456,247,100,2.19,302,198,5756.4,98.45,4916.5
30,1.5,1.46,0.4667,425,279,99,2.16,462,302,2273.75,105.85,2628.75
30,1.5,1.39,0.4619,455,265,93,2.35,414,278,3935.15,135,3678.2
30,1.5,1.44,0.4497,444,280,90,2.17,226,153,60.45,31.75,64.2
30,1.5,1.51,0.4320,449,289,83,2.27,322,199,1636.1,139.45,1197.05
30,1.5,1.49,0.4397,438,288,88,2.80,374,224,1865.35,166.85,2640.15
30,1.5,1.53,0.4397,442,287,87,2.77,244,155,234.1,189.6,407.9
30,1.5,1.40,0.4714,427,276,100,2.03,160,101,848.15,171.55,294.7
30,1.5,1.50,0.4570,447,268,94,1.99,280,182,1919.45,133.15,1295.8
30,1.5,1.40,0.4346,456,274,86,2.29,366,234,1040.95,70.25,1156.85
30,1.5,1.41,0.4521,462,260,91,2.24,280,175,3699.55,185.6,3304.95
30,1.5,1.47,0.4447,440,282,90,2.16,246,157,1327.05,67.8,1552.15
30,1.5,1.56,0.4690,421,284,99,2.03,428,268,2697.45,98.65,2659.45
30,1.5,1.48,0.4714,422,278,101,2.65,398,243,2347.45,91.6,2460.65
30,1.5,1.51,0.4472,420,303,90,2.26,278,169,426.7,58.7,439.4
30,1.5,1.51,0.4320,444,291,84,2.43,148,93,61.4,23.55,116.95
30,1.5,1.50,0.4521,435,281,93,2.26,174,109,580.75,63.5,214.05
30,1.5,1.56,0.4447,453,269,90,2.46,264,178,2680.65,60.95,1907
30,1.5,1.58,0.4619,425,289,95,2.19,190,117,1153.95,176.55,1168.6
30,1.5,1.52,0.4570,443,272,94,2.89,118,78,318.35,175.55,98
30,1.5,1.60,0.4372,429,302,86,2.84,234,142,2111.5,59.25,1680.7
30,1.5,1.42,0.4643,434,284,94,2.31,204,131,292.3,106.5,225.5
30,1.5,1.58,0.4472,431,292,90,2.42,450,285,2501.2,127.4,2020.25
30,1.5,1.49,0.4667,423,287,97,2.08,306,193,4236,137.6,2514.75
30,1.5,1.56,0.4422,437,287,89,2.42,320,208,1723.15,158.65,1061.2
30,1.5,1.59,0.4422,428,296,89,2.34,370,225,4548.35,151.75,4451.8
30,1.5,1.39,0.4667,445,262,98,2.49,456,296,2054.8,82.1,1155.7
30,1.5,1.45,0.4546,432,285,93,2.80,434,279,2727.55,89.9,3078.65
30,1.5,1.51,0.4372,457,277,85,2.31,374,229,3725.85,102.3,3326.55
30,1.5,1.54,0.4447,428,297,89,2.60,402,246,3329.2,108.6,3037.25
30,1.5,1.50,0.4643,428,281,97,2.23,218,140,483.45,179.25,451.25
30,1.5,1.52,0.4497,424,297,91,2.45,432,267,3918.55,84.55,3406.5
30,1.5,1.56,0.4320,453,288,82,2.89,266,170,176.55,49.55,217.95
30,1.5,1.47,0.4346,462,271,85,2.25,314,223,2346.1,87.85,1421.2
30,1.5,1.51,0.4521,436,283,92,2.26,352,232,4827.35,101.15,4050.25
30,1.5,1.44,0.4619,419,292,96,2.45,458,290,2200.1,125.4,2131.5
30,1.5,1.60,0.4570,425,290,94,2.27,314,190,1217.95,85,1484
30,1.5,1.55,0.4944,422,273,106,2.10,390,256,1891.2,84.7,2466.4
30,1.5,1.45,0.4643,442,267,97,2.22,206,131,1775.55,147.9,735.8
30,1.5,1.53,0.4346,416,314,86,2.52,430,253,1916.6,92.85,1295
30,1.5,1.46,0.4761,451,245,103,2.03,264,192,354.75,152.95,320.2
30,1.5,1.52,0.4447,428,300,88,2.51,312,198,154.95,128.9,190.8
30,1.5,1.46,0.4472,434,289,90,2.31,454,285,1489.25,116.15,1539
30,1.5,1.58,0.4295,424,310,84,2.23,482,298,3330.85,78.35,3052.25
30,1.5,1.42,0.4690,411,291,100,2.3,212,124,770.45,58.05,1073.85
30,1.5,1.52,0.4690,435,270,99,1.93,212,141,1420.65,194.35,1544.2
30,1.5,1.51,0.4643,433,273,98,2.05,312,191,3031.2,114.65,2713.95
30,1.5,1.48,0.4546,439,287,90,2.71,212,137,438.5,46.7,619
30,1.5,1.50,0.4216,430,310,81,2.57,458,273,2557.3,84.85,2515.65
30,1.5,1.53,0.4372,444,284,87,2.49,310,197,1326.05,75.1,1251.9
30,1.5,1.56,0.4595,438,278,94,2.15,432,285,3685.9,80.55,3539.35
30,1.5,1.35,0.4595,435,278,95,2.29,382,238,1507.1,103.35,1772
30,1.5,1.55,0.4546,441,279,92,2.34,214,132,402.2,161.7,542.4
30,1.5,1.51,0.4570,435,277,95,2.31,358,234,701.95,155.55,516.55
30,1.5,1.47,0.4784,413,284,103,2.33,222,130,425.15,194.55,466.4
30,1.5,1.43,0.4570,451,267,93,2.27,326,210,937.25,178.85,994.1
30,1.5,1.48,0.4472,456,273,88,2.75,124,79,85.5,20.5,67.25
30,1.5,1.49,0.4269,440,296,83,2.77,270,176,180.6,194.6,161.25
30,1.5,1.61,0.4397,422,307,87,2.22,252,148,2242.45,139,1320.1
30,1.5,1.40,0.4807,436,265,102,2.24,192,117,181.15,30.4,222.5
30,1.5,1.37,0.4497,454,264,92,2.17,394,259,2327.05,153.6,1826.55
30,1.5,1.44,0.4595,414,296,96,2.14,248,147,932.65,101.05,478.75
30,1.5,1.49,0.4643,425,284,97,2.19,250,169,985.85,144.65,457.85
30,1.5,1.60,0.4472,443,289,87,2.38,304,191,442.9,132.55,471.9
30,1.5,1.51,0.4570,423,289,95,2.14,190,122,1188.6,47.65,865.9
30,1.5,1.42,0.4667,442,268,97,2.16,416,276,2505.6,170.4,1672.15
30,1.5,1.41,0.4738,423,278,101,2.43,302,193,4811.2,146.5,3220.35
30,1.5,1.47,0.4497,421,300,91,2.45,174,116,1184.75,164.4,610.65
30,1.5,1.43,0.4761,414,291,100,2.15,286,175,1430.7,80.3,1261.95
30,1.5,1.54,0.4619,443,271,95,2.38,438,293,3205,101.25,2815.6
30,1.5,1.44,0.4472,456,267,90,2.31,274,178,179.05,153.2,168.45
30,1.5,1.45,0.4447,446,282,88,2.35,246,160,1813,75.5,1864.05
30,1.5,1.41,0.4497,454,264,92,2.58,366,239,3979.55,128.65,2646.55
30,1.5,1.62,0.4497,414,310,90,2.47,486,294,1791.05,121.7,1943.8
30,1.5,1.47,0.4546,439,275,94,2.26,438,282,706.35,99.45,819.85
30,1.5,1.47,0.4521,442,277,92,2.20,426,281,4846.25,133.55,5230.7
30,1.5,1.36,0.4667,442,262,99,1.99,436,294,2009.15,83.95,1747.9
30,1.5,1.55,0.4570,423,289,95,1.91,298,181,1741.45,53.85,1590.85
30,1.5,1.38,0.4372,470,267,84,2.39,152,105,144.15,91,98.7
30,1.5,1.39,0.4667,437,270,98,2.06,184,125,1770.3,174.2,692.4
30,1.5,1.47,0.4472,436,290,89,2.60,174,105,390.65,32.6,262.8
30,1.5,1.53,0.4320,430,302,85,2.89,292,170,2357.25,134.85,2407.15
30,1.5,1.48,0.4521,433,289,91,2.48,456,292,1691.45,109.1,1433.05
30,1.5,1.51,0.4690,421,281,100,2.72,316,199,1751,71.95,1725.5
30,1.5,1.45,0.4595,439,277,94,2.02,198,126,526.65,122.4,254.2
30,1.5,1.48,0.4521,434,288,91,2.29,116,70,76.8,141.8,18.2
30,1.5,1.58,0.4397,428,304,86,2.53,188,119,81.6,85.1,119.95
30,1.5,1.34,0.4619,455,259,95,2.22,246,162,365.5,175.55,372.5
30,1.5,1.53,0.4346,428,308,84,2.44,406,251,3460,104.05,2751.7
30,1.5,1.46,0.4595,451,262,95,2.19,388,265,4453.05,132.75,4398.85
30,1.5,1.41,0.4667,462,254,95,2.45,400,274,2566.1,85.45,2183.8
30,1.5,1.55,0.4372,427,304,86,2.37,330,198,850.95,128.55,933.65
30,1.5,1.51,0.4422,406,321,88,2.73,266,168,1353.15,129.2,791.6
30,1.5,1.53,0.4472,432,294,89,2.44,256,165,3279.2,93.4,2125.6
30,1.5,1.45,0.4595,437,282,93,2.66,158,104,134.2,205.5,186.5
30,1.5,1.51,0.4372,430,301,86,2.38,420,265,4954.3,95.7,2830.65
30,1.5,1.46,0.4738,418,286,100,2.22,264,161,207.15,41.95,267.45
30,1.5,1.41,0.4422,450,277,88,2.45,204,126,74,176.3,79.65
30,1.5,1.57,0.4595,408,305,95,1.94,462,285,621.2,87.6,795.2
30,1.5,1.49,0.4643,453,265,94,2.14,456,309,1186.25,134.95,786.4
30,1.5,1.58,0.4570,447,268,94,2.56,276,179,1383.5,141.65,1150.25
30,1.5,1.44,0.4570,436,279,94,2.30,140,91,93.55,84.05,104.45
30,1.5,1.48,0.4472,436,287,90,2.39,202,138,102.25,30.2,80.8
30,1.5,1.49,0.4546,444,270,94,2.37,430,276,1886.35,135.25,1329.2
30,1.5,1.56,0.4372,426,305,86,2.53,352,212,3644.4,101.95,2964.1
30,1.5,1.54,0.4546,434,283,93,2.76,358,249,775.8,103.6,599
30,1.5,1.45,0.4546,444,279,91,2.56,216,132,214.55,39.65,286.05
30,1.5,1.47,0.4422,440,287,88,2.5,370,245,6704,61.65,5886.15
30,1.5,1.61,0.4521,445,277,91,2.53,340,225,1537.5,73.25,1271.35
30,1.5,1.46,0.4521,460,265,90,2.72,214,144,343.5,192.5,307.05
30,1.5,1.48,0.4690,419,289,98,2.18,406,253,5016,128.75,3220.9
30,1.5,1.37,0.4784,446,254,102,1.89,420,278,2204.45,116.7,2529.75
30,1.5,1.48,0.4497,452,278,88,2.34,252,159,176.25,41.1,304.5
30,1.5,1.42,0.4521,445,274,92,2.24,256,156,1667.15,160.25,1090.5
30,1.5,1.43,0.4521,451,268,92,2.28,126,81,91.1,17.5,69.25
30,1.5,1.43,0.4570,458,260,93,2.24,446,301,1906.9,95.55,2050.85
30,1.5,1.56,0.4570,425,296,92,2.61,458,287,2677.05,152.75,1730.7
30,1.5,1.47,0.4472,443,277,91,2.40,294,185,1755.35,176.35,1351.4
30,1.5,1.40,0.4714,436,270,99,1.91,352,234,1300.3,68.7,1008.1
30,1.5,1.47,0.4830,447,255,102,2.06,208,140,393.4,38.65,210.05
30,1.5,1.48,0.4714,433,273,99,1.94,166,109,1226.95,45.45,1218.6
30,1.5,1.52,0.4643,442,264,98,2.37,192,127,144.6,33.05,146.95
30,1.5,1.46,0.4546,439,278,93,2.35,130,92,246.35,51.35,84.2
30,1.5,1.44,0.4944,427,253,111,1.80,148,95,155.85,52.8,72.55
30,1.5,1.55,0.4447,434,291,89,2.62,246,156,914.5,61.95,1111.65
30,1.5,1.41,0.4619,444,270,95,2.38,476,311,2164.95,113.9,1355.3
30,1.5,1.40,0.4422,453,274,88,2.68,264,175,1061.4,171.3,1132.15
30,1.5,1.57,0.4243,465,276,81,2.60,340,215,1839.85,134.1,1073.5
30,1.5,1.42,0.4643,424,282,98,2.24,330,214,2430.55,61.05,1314.95
30,1.5,1.45,0.4546,444,279,91,1.89,214,137,331.05,178.85,205.5
30,1.5,1.58,0.4295,450,284,84,2.45,300,198,898.75,129.1,327.65
30,1.5,1.42,0.4619,430,284,95,2.2,228,131,239.45,95.05,156.65
30,1.5,1.41,0.4521,440,282,91,2.43,278,172,3628.25,148.1,1894.25
30,1.5,1.39,0.4714,457,246,100,2.29,312,204,3773.65,65.15,4217.55
30,1.5,1.50,0.4595,418,292,96,2.78,414,258,1965,78.4,2041.6
30,1.5,1.47,0.4497,453,265,92,2.18,324,210,576.9,67.6,770.55
30,1.5,1.46,0.4422,438,289,88,2.66,360,225,3393.4,132.9,1847.8
30,1.5,1.64,0.4243,436,305,81,2.79,192,119,399.25,172.2,351.7
30,1.5,1.46,0.4472,449,283,87,2.78,356,223,729.3,126.15,347.2
30,1.5,1.42,0.4472,448,275,90,2.53,306,190,371.2,84.45,352.5
30,1.5,1.49,0.4899,428,271,104,2.13,390,252,3435.8,162.95,3280.9
30,1.5,1.48,0.4738,413,285,102,2.36,374,239,556.6,110.65,356.85
30,1.5,1.53,0.4643,419,290,97,2.21,484,308,1809.9,114.2,2268.2
30,1.5,1.45,0.4570,452,266,93,2.34,178,122,1731.15,68.75,1450.8
30,1.5,1.56,0.4422,433,291,89,2.49,142,92,157.5,106.85,71.75
30,1.5,1.52,0.4595,432,284,94,2.21,252,159,488.6,68.55,406.55
30,1.5,1.39,0.4830,415,287,102,2.19,118,74,118,183.7,67.45
30,1.5,1.49,0.4595,429,287,94,2.03,286,180,1632.1,155.25,981.4
30,1.5,1.56,0.4521,437,285,91,2.21,256,164,881.75,46.75,906.5
30,1.5,1.61,0.4761,412,290,101,2.07,326,202,1694.7,180.8,1227.7
30,1.5,1.66,0.4643,419,293,96,1.75,282,167,1470,110.1,445.6
30,1.5,1.38,0.4738,451,253,100,1.98,322,214,1237.65,66.35,1507.6
30,1.5,1.43,0.4472,436,290,89,2.58,256,159,775.15,64,544.1
30,1.5,1.36,0.4967,417,270,109,1.92,158,101,374,165,127.1
30,1.5,1.51,0.4667,412,298,97,2.16,338,208,1217.6,152.55,1178.25
30,1.5,1.58,0.4521,402,314,93,2.61,210,131,190.7,89.25,234.1
30,1.5,1.58,0.4320,427,305,85,2.65,240,144,699.4,61.4,589.05
30,1.5,1.42,0.4472,449,274,90,2.42,292,193,1600.75,169.95,1966.15
30,1.5,1.61,0.4447,433,289,90,2.31,482,294,2869.35,107.25,2623.55
30,1.5,1.48,0.4714,428,275,100,2.12,444,279,2128.4,85.55,1805.45
30,1.5,1.46,0.4690,440,265,99,2.01,260,175,527.2,54.4,606.9
30,1.5,1.46,0.4690,420,291,97,2.53,272,176,281.4,99.25,171.05
30,1.5,1.45,0.4570,460,255,94,2,160,99,148.7,74.3,58.05
30,1.5,1.38,0.4619,442,269,96,2.29,358,230,1384.75,121.25,1323.45
30,1.5,1.45,0.4570,433,279,95,2.32,414,262,1390.6,139.1,1103.4
30,1.5,1.49,0.4738,420,281,101,2.05,452,293,1898.8,88.05,1778.85
30,1.5,1.68,0.4570,410,305,94,2.37,392,231,3332.8,66.95,3104.8
30,1.5,1.51,0.4163,458,286,79,2.92,370,240,3841.6,142.4,2595.95
30,1.5,1.55,0.4243,441,297,82,2.95,492,314,2314.25,129.3,3451.85
30,1.5,1.53,0.4447,438,287,89,2.17,438,285,2016.05,142,1283.4
30,1.5,1.47,0.4521,445,274,92,2.26,314,204,4300.6,131.75,4087.9
30,1.5,1.61,0.4397,425,310,85,2.81,248,151,3069.05,40.9,1565.25
30,1.5,1.54,0.4595,421,304,91,2.45,206,117,625.15,34.2,718
30,1.5,1.49,0.4447,432,290,90,2.57,238,137,1161.4,63.75,850.95
30,1.5,1.61,0.4619,433,278,96,2.23,204,124,728.9,197.25,1225.65
30,1.5,1.45,0.4472,441,282,90,2.41,344,212,3401.9,133.3,3077.6
30,1.5,1.54,0.4643,424,288,96,2.11,454,279,2636.6,102.9,2613.2
30,1.5,1.49,0.4595,442,277,93,2.22,476,308,1663.4,109.55,1432.8
30,1.5,1.49,0.4667,432,272,99,2.43,298,202,3496.15,57.5,2194.25
30,1.5,1.55,0.4447,417,308,89,2.17,402,243,2032.15,121.05,1490.9
30,1.5,1.40,0.4472,434,289,90,2.44,306,201,3078.9,87.35,3263.35
30,1.5,1.42,0.4619,442,266,97,2.13,278,184,640.7,97.7,526
30,1.5,1.53,0.4472,442,281,90,2.69,436,272,2515.65,116.05,2042.05
30,1.5,1.40,0.4690,461,250,97,1.96,314,209,490.95,54,440.85
30,1.5,1.48,0.4422,430,297,88,2.24,384,239,4688.8,88.5,5235.85
30,1.5,1.45,0.4714,437,269,99,1.92,218,138,1034.45,94.35,324.05
30,1.5,1.53,0.4521,436,280,93,2.59,392,254,676.1,76.25,724.25
30,1.5,1.45,0.4643,428,290,94,2.24,422,260,208.4,74.25,255.55
30,1.5,1.54,0.4163,442,302,79,2.94,252,157,1138.95,38.95,1293.15
30,1.5,1.51,0.4738,421,286,99,2.05,168,105,545.7,45.25,491.95
30,1.5,1.41,0.4447,454,268,90,2.4,300,187,708.45,68.8,942.05
30,1.5,1.48,0.4521,448,274,91,2.65,490,317,1536.25,96.4,1666.55
30,1.5,1.42,0.4472,437,286,90,2.06,152,97,93.9,169.8,80.1
30,1.5,1.53,0.4521,441,275,93,2.70,206,138,409.3,39,519.7
30,1.5,1.45,0.4570,427,291,93,2.23,222,140,1333.65,140.7,688.1
30,1.5,1.48,0.4422,429,298,88,2.23,200,119,678.45,31.05,722
